1,50,28.687968,11.622501
1,50,28.687968,10.266940
1,50,28.687968,12.853470
1,50,28.687968,12.860082
1,50,28.687968,12.860082
1,50,28.687968,12.866701
1,50,28.687968,12.575453
1,50,28.687968,12.853470
1,50,28.687968,12.860082
1,50,28.687968,12.866701
1,50,28.687968,12.860082
1,50,28.687968,10.429704
1,50,28.687968,9.262690
1,50,28.687968,9.266123
1,50,28.687968,8.890469
1,50,28.687968,7.766387
1,50,28.687968,9.491268
1,50,28.687968,11.457379
1,50,28.687968,13.185654
1,50,28.687968,10.624734
1,50,28.687968,13.220518
1,50,28.687968,13.199578
1,50,28.687968,13.227513
1,50,28.687968,9.541985
1,50,28.687968,7.265330
2,50,28.687968,6.603275
2,50,28.687968,16.903313
2,50,28.687968,20.661157
2,50,28.687968,18.518519
2,50,28.687968,20.424837
2,50,28.687968,17.241379
2,50,28.687968,21.459227
2,50,28.687968,16.983696
2,50,28.687968,22.361360
2,50,28.687968,24.437928
2,50,28.687968,22.603978
2,50,28.687968,20.242915
2,50,28.687968,22.583559
2,50,28.687968,18.642804
2,50,28.687968,22.065313
2,50,28.687968,17.717931
2,50,28.687968,24.414062
2,50,28.687968,22.045855
2,50,28.687968,25.100402
2,50,28.687968,20.177563
2,50,28.687968,20.458265
2,50,28.687968,21.739130
2,50,28.687968,25.176234
2,50,28.687968,25.176234
2,50,28.687968,25.150905
4,50,28.687968,7.297140
4,50,28.687968,46.904315
4,50,28.687968,47.080980
4,50,28.687968,47.348485
4,50,28.687968,47.080979
4,50,28.687968,43.177893
4,50,28.687968,47.080980
4,50,28.687968,47.348485
4,50,28.687968,47.169812
4,50,28.687968,47.169812
4,50,28.687968,47.258979
4,50,28.687968,43.402778
4,50,28.687968,46.992482
4,50,28.687968,46.992482
4,50,28.687968,39.745628
4,50,28.687968,46.992482
4,50,28.687968,47.169812
4,50,28.687968,47.080979
4,50,28.687968,47.169812
4,50,28.687968,47.258979
4,50,28.687968,43.327556
4,50,28.687968,46.992482
4,50,28.687968,47.169812
4,50,28.687968,47.169812
4,50,28.687968,47.080980
6,50,28.687968,5.331627
6,50,28.687968,66.844920
6,50,28.687968,67.385445
6,50,28.687968,67.567568
6,50,28.687968,67.385445
6,50,28.687968,60.096155
6,50,28.687968,67.750678
6,50,28.687968,67.567568
6,50,28.687968,67.204300
6,50,28.687968,67.567568
6,50,28.687968,32.175032
6,50,28.687968,4.014774
6,50,28.687968,11.256191
6,50,28.687968,14.952153
6,50,28.687968,11.726079
6,50,28.687968,50.301811
6,50,28.687968,66.137565
6,50,28.687968,66.489362
6,50,28.687968,49.115913
6,50,28.687968,61.124694
6,50,28.687968,62.034739
6,50,28.687968,65.789473
6,50,28.687968,65.963060
6,50,28.687968,66.489362
6,50,28.687968,51.652892
8,50,28.687968,0.491285
8,50,28.687968,79.617835
8,50,28.687968,83.056478
8,50,28.687968,83.056478
8,50,28.687968,80.906147
8,50,28.687968,83.056478
8,50,28.687968,83.333333
8,50,28.687968,83.056478
8,50,28.687968,83.056478
8,50,28.687968,83.056478
8,50,28.687968,83.056478
8,50,28.687968,83.056478
8,50,28.687968,82.508249
8,50,28.687968,83.056478
8,50,28.687968,83.333333
8,50,28.687968,83.056478
8,50,28.687968,83.333333
8,50,28.687968,83.056478
8,50,28.687968,83.333335
8,50,28.687968,83.612039
8,50,28.687968,83.612039
8,50,28.687968,38.759690
8,50,28.687968,83.056478
8,50,28.687968,83.333333
8,50,28.687968,83.333333
1,100,28.687615,11.738467
1,100,28.687615,12.420817
1,100,28.687615,12.518778
1,100,28.687615,12.526619
1,100,28.687615,12.588117
1,100,28.687615,12.520346
1,100,28.687615,11.883541
1,100,28.687615,12.696800
1,100,28.687615,12.339585
1,100,28.687615,13.024225
1,100,28.687615,13.259082
1,100,28.687615,13.259082
1,100,28.687615,11.676787
1,100,28.687615,12.939959
1,100,28.687615,13.080445
1,100,28.687615,12.010569
1,100,28.687615,9.495774
1,100,28.687615,9.106639
1,100,28.687615,9.421519
1,100,28.687615,7.742335
1,100,28.687615,8.892051
1,100,28.687615,11.556686
1,100,28.687615,10.071508
1,100,28.687615,8.435259
1,100,28.687615,9.034240
2,100,28.687615,13.806434
2,100,28.687615,14.473875
2,100,28.687615,14.712373
2,100,28.687615,15.292858
2,100,28.687615,17.806268
2,100,28.687615,24.420024
2,100,28.687615,24.533857
2,100,28.687615,25.779840
2,100,28.687615,23.590469
2,100,28.687615,25.303644
2,100,28.687615,23.696682
2,100,28.687615,25.793139
2,100,28.687615,24.600246
2,100,28.687615,24.660912
2,100,28.687615,25.779840
2,100,28.687615,22.930521
2,100,28.687615,25.641026
2,100,28.687615,23.142791
2,100,28.687615,21.186441
2,100,28.687615,25.614754
2,100,28.687615,25.720165
2,100,28.687615,25.740026
2,100,28.687615,22.909507
2,100,28.687615,25.380711
2,100,28.687615,22.251891
4,100,28.687615,9.933446
4,100,28.687615,41.788550
4,100,28.687615,43.878894
4,100,28.687615,46.296296
4,100,28.687615,47.984645
4,100,28.687615,47.687172
4,100,28.687615,45.724737
4,100,28.687615,39.714059
4,100,28.687615,41.753653
4,100,28.687615,46.860356
4,100,28.687615,46.772685
4,100,28.687615,45.829514
4,100,28.687615,46.598323
4,100,28.687615,46.189377
4,100,28.687615,45.913682
4,100,28.687615,26.441037
4,100,28.687615,37.341299
4,100,28.687615,46.772685
4,100,28.687615,40.080160
4,100,28.687615,13.694878
4,100,28.687615,46.598323
4,100,28.687615,41.597338
4,100,28.687615,37.707391
4,100,28.687615,46.598323
4,100,28.687615,22.711787
6,100,28.687615,16.488046
6,100,28.687615,68.965517
6,100,28.687615,69.348128
6,100,28.687615,69.444444
6,100,28.687615,69.396253
6,100,28.687615,61.312078
6,100,28.687615,69.396252
6,100,28.687615,69.444445
6,100,28.687615,69.396253
6,100,28.687615,69.444445
6,100,28.687615,69.492703
6,100,28.687615,59.880239
6,100,28.687615,59.737156
6,100,28.687615,69.637883
6,100,28.687615,69.348127
6,100,28.687615,69.686411
6,100,28.687615,69.783670
6,100,28.687615,69.541029
6,100,28.687615,28.522533
6,100,28.687615,10.168802
6,100,28.687615,9.950249
6,100,28.687615,69.252078
6,100,28.687615,69.348127
6,100,28.687615,69.348128
6,100,28.687615,69.735007
8,100,28.687615,9.974067
8,100,28.687615,91.157703
8,100,28.687615,91.827365
8,100,28.687615,91.911765
8,100,28.687615,91.911765
8,100,28.687615,91.911765
8,100,28.687615,91.827365
8,100,28.687615,81.037278
8,100,28.687615,91.911765
8,100,28.687615,91.911764
8,100,28.687615,91.827364
8,100,28.687615,90.826521
8,100,28.687615,91.996320
8,100,28.687615,91.911764
8,100,28.687615,91.827364
8,100,28.687615,87.719299
8,100,28.687615,91.827364
8,100,28.687615,91.827364
8,100,28.687615,91.743119
8,100,28.687615,92.081032
8,100,28.687615,80.064051
8,100,28.687615,91.827365
8,100,28.687615,91.827365
8,100,28.687615,73.313783
8,100,28.687615,84.745763
1,128,28.687570,11.619034
1,128,28.687570,11.698679
1,128,28.687570,11.952145
1,128,28.687570,12.495424
1,128,28.687570,12.395219
1,128,28.687570,6.656645
1,128,28.687570,8.913552
1,128,28.687570,11.814249
1,128,28.687570,12.062136
1,128,28.687570,12.885568
1,128,28.687570,12.125518
1,128,28.687570,11.816805
1,128,28.687570,7.637160
1,128,28.687570,10.413118
1,128,28.687570,12.164229
1,128,28.687570,12.079923
1,128,28.687570,12.441340
1,128,28.687570,10.988598
1,128,28.687570,9.709037
1,128,28.687570,12.877466
1,128,28.687570,12.875442
1,128,28.687570,12.857255
1,128,28.687570,12.195921
1,128,28.687570,12.415884
1,128,28.687570,11.129679
2,128,28.687570,20.408570
2,128,28.687570,25.773163
2,128,28.687570,22.251800
2,128,28.687570,23.710564
2,128,28.687570,24.268997
2,128,28.687570,25.128834
2,128,28.687570,23.325740
2,128,28.687570,21.795929
2,128,28.687570,18.559130
2,128,28.687570,22.185511
2,128,28.687570,23.662623
2,128,28.687570,22.468459
2,128,28.687570,25.817838
2,128,28.687570,24.956588
2,128,28.687570,23.489606
2,128,28.687570,26.511327
2,128,28.687570,23.262814
2,128,28.687570,23.479507
2,128,28.687570,26.537091
2,128,28.687570,23.530088
2,128,28.687570,23.246311
2,128,28.687570,26.524203
2,128,28.687570,24.048143
2,128,28.687570,17.841664
2,128,28.687570,15.950156
4,128,28.687570,26.155811
4,128,28.687570,48.646081
4,128,28.687570,49.829684
4,128,28.687570,49.829684
4,128,28.687570,48.159906
4,128,28.687570,49.723824
4,128,28.687570,49.829684
4,128,28.687570,48.244994
4,128,28.687570,49.829684
4,128,28.687570,49.799392
4,128,28.687570,37.143505
4,128,28.687570,18.413127
4,128,28.687570,41.541582
4,128,28.687570,48.530806
4,128,28.687570,43.206751
4,128,28.687570,48.487718
4,128,28.687570,48.502072
4,128,28.687570,43.320994
4,128,28.687570,48.502072
4,128,28.687570,43.366861
4,128,28.687570,48.459036
4,128,28.687570,48.559573
4,128,28.687570,43.275224
4,128,28.687570,42.379721
4,128,28.687570,48.502072
6,128,28.687570,26.027006
6,128,28.687570,70.347789
6,128,28.687570,70.408251
6,128,28.687570,70.408251
6,128,28.687570,66.710098
6,128,28.687570,70.347789
6,128,28.687570,69.189189
6,128,28.687570,70.438521
6,128,28.687570,65.483613
6,128,28.687570,68.782536
6,128,28.687570,70.468817
6,128,28.687570,70.499139
6,128,28.687570,67.368421
6,128,28.687570,67.147541
6,128,28.687570,72.463512
6,128,28.687570,54.251656
6,128,28.687570,24.158065
6,128,28.687570,35.098543
6,128,28.687570,37.517747
6,128,28.687570,51.963210
6,128,28.687570,69.043405
6,128,28.687570,70.468817
6,128,28.687570,70.378007
6,128,28.687570,70.438521
6,128,28.687570,69.306261
8,128,28.687570,22.943565
8,128,28.687570,93.090909
8,128,28.687570,93.515982
8,128,28.687570,92.932501
8,128,28.687570,93.409350
8,128,28.687570,93.356125
8,128,28.687570,90.719823
8,128,28.687570,93.302961
8,128,28.687570,93.515982
8,128,28.687570,93.356125
8,128,28.687570,91.275766
8,128,28.687570,88.180840
8,128,28.687570,93.409350
8,128,28.687570,93.356125
8,128,28.687570,93.302961
8,128,28.687570,93.409350
8,128,28.687570,93.038046
8,128,28.687570,30.796992
8,128,28.687570,23.628497
8,128,28.687570,93.038047
8,128,28.687570,93.462635
8,128,28.687570,93.356125
8,128,28.687570,93.090909
8,128,28.687570,81.512438
8,128,28.687570,93.409350
1,150,28.687551,12.035947
1,150,28.687551,8.847470
1,150,28.687551,10.873768
1,150,28.687551,12.701101
1,150,28.687551,12.920639
1,150,28.687551,12.922865
1,150,28.687551,12.569832
1,150,28.687551,12.654668
1,150,28.687551,12.296426
1,150,28.687551,11.009982
1,150,28.687551,11.966812
1,150,28.687551,12.435749
1,150,28.687551,12.408316
1,150,28.687551,12.311902
1,150,28.687551,12.248231
1,150,28.687551,12.548801
1,150,28.687551,12.455024
1,150,28.687551,12.435749
1,150,28.687551,11.788746
1,150,28.687551,9.090909
1,150,28.687551,12.330118
1,150,28.687551,12.607161
1,150,28.687551,12.312575
1,150,28.687551,12.779734
1,150,28.687551,12.456403
2,150,28.687551,16.008538
2,150,28.687551,20.341741
2,150,28.687551,23.084026
2,150,28.687551,25.879917
2,150,28.687551,24.779736
2,150,28.687551,24.747030
2,150,28.687551,24.768824
2,150,28.687551,24.796121
2,150,28.687551,25.841277
2,150,28.687551,24.782465
2,150,28.687551,23.435059
2,150,28.687551,20.680147
2,150,28.687551,22.303727
2,150,28.687551,23.388773
2,150,28.687551,25.817556
2,150,28.687551,24.406118
2,150,28.687551,24.576734
2,150,28.687551,24.692713
2,150,28.687551,13.671994
2,150,28.687551,17.926858
2,150,28.687551,20.623281
2,150,28.687551,24.755199
2,150,28.687551,24.883875
2,150,28.687551,24.936274
2,150,28.687551,24.671053
4,150,28.687551,31.328321
4,150,28.687551,48.659170
4,150,28.687551,49.570390
4,150,28.687551,50.111359
4,150,28.687551,49.094480
4,150,28.687551,45.815516
4,150,28.687551,49.277267
4,150,28.687551,50.077899
4,150,28.687551,49.180328
4,150,28.687551,50.111359
4,150,28.687551,49.800797
4,150,28.687551,50.122522
4,150,28.687551,49.148100
4,150,28.687551,50.100200
4,150,28.687551,47.150042
4,150,28.687551,47.458342
4,150,28.687551,49.723757
4,150,28.687551,49.008931
4,150,28.687551,50.100200
4,150,28.687551,49.428822
4,150,28.687551,50.100200
4,150,28.687551,48.303993
4,150,28.687551,49.690813
4,150,28.687551,45.390357
4,150,28.687551,37.375415
6,150,28.687551,28.680688
6,150,28.687551,70.224719
6,150,28.687551,70.577164
6,150,28.687551,67.204301
6,150,28.687551,70.555033
6,150,28.687551,61.058345
6,150,28.687551,27.305825
6,150,28.687551,30.574806
6,150,28.687551,70.466646
6,150,28.687551,67.324955
6,150,28.687551,70.577164
6,150,28.687551,70.599310
6,150,28.687551,69.854083
6,150,28.687551,70.555033
6,150,28.687551,70.555033
6,150,28.687551,66.825067
6,150,28.687551,70.532915
6,150,28.687551,70.577164
6,150,28.687551,69.616337
6,150,28.687551,70.577164
6,150,28.687551,70.555033
6,150,28.687551,69.530284
6,150,28.687551,70.555033
6,150,28.687551,70.555033
6,150,28.687551,69.810735
8,150,28.687551,26.439483
8,150,28.687551,93.090608
8,150,28.687551,93.710954
8,150,28.687551,87.141751
8,150,28.687551,93.671940
8,150,28.687551,92.440427
8,150,28.687551,93.671940
8,150,28.687551,81.344902
8,150,28.687551,93.671940
8,150,28.687551,93.632959
8,150,28.687551,93.750000
8,150,28.687551,14.112777
8,150,28.687551,92.898431
8,150,28.687551,93.789079
8,150,28.687551,90.506838
8,150,28.687551,93.322273
8,150,28.687551,93.399751
8,150,28.687551,93.750000
8,150,28.687551,88.722397
8,150,28.687551,93.671940
8,150,28.687551,93.632959
8,150,28.687551,77.002053
8,150,28.687551,93.710954
8,150,28.687551,93.399751
8,150,28.687551,93.710954
1,200,28.687528,12.230172
1,200,28.687528,10.261673
1,200,28.687528,12.954626
1,200,28.687528,12.786497
1,200,28.687528,11.435106
1,200,28.687528,12.786089
1,200,28.687528,11.026270
1,200,28.687528,12.538399
1,200,28.687528,11.336262
1,200,28.687528,10.147648
1,200,28.687528,12.682308
1,200,28.687528,11.738122
1,200,28.687528,8.931761
1,200,28.687528,11.585807
1,200,28.687528,12.309586
1,200,28.687528,10.353843
1,200,28.687528,10.652747
1,200,28.687528,12.547839
1,200,28.687528,12.669855
1,200,28.687528,12.763649
1,200,28.687528,12.090436
1,200,28.687528,7.721411
1,200,28.687528,12.173225
1,200,28.687528,12.658228
1,200,28.687528,12.351016
2,200,28.687528,16.299254
2,200,28.687528,22.222222
2,200,28.687528,20.485507
2,200,28.687528,16.756032
2,200,28.687528,19.288263
2,200,28.687528,20.931450
2,200,28.687528,22.300273
2,200,28.687528,24.249773
2,200,28.687528,22.050717
2,200,28.687528,24.307244
2,200,28.687528,23.623907
2,200,28.687528,23.164234
2,200,28.687528,20.630254
2,200,28.687528,22.861062
2,200,28.687528,18.848365
2,200,28.687528,24.110910
2,200,28.687528,23.361757
2,200,28.687528,25.179403
2,200,28.687528,23.400023
2,200,28.687528,23.792529
2,200,28.687528,24.645718
2,200,28.687528,20.513873
2,200,28.687528,21.908205
2,200,28.687528,24.282159
2,200,28.687528,24.319066
4,200,28.687528,35.341933
4,200,28.687528,46.658113
4,200,28.687528,42.476373
4,200,28.687528,39.718002
4,200,28.687528,44.414835
4,200,28.687528,50.251256
4,200,28.687528,49.850449
4,200,28.687528,49.943813
4,200,28.687528,49.492700
4,200,28.687528,48.732943
4,200,28.687528,50.270202
4,200,28.687528,49.407115
4,200,28.687528,49.097827
4,200,28.687528,46.625481
4,200,28.687528,46.360686
4,200,28.687528,49.670930
4,200,28.687528,50.263885
4,200,28.687528,49.893975
4,200,28.687528,50.018757
4,200,28.687528,49.918882
4,200,28.687528,50.006251
4,200,28.687528,49.887753
4,200,28.687528,46.371435
4,200,28.687528,43.558750
4,200,28.687528,43.487715
6,200,28.687528,26.840234
6,200,28.687528,67.283431
6,200,28.687528,70.771408
6,200,28.687528,70.335854
6,200,28.687528,70.733864
6,200,28.687528,44.282077
6,200,28.687528,41.981528
6,200,28.687528,70.212393
6,200,28.687528,70.771408
6,200,28.687528,70.397747
6,200,28.687528,70.746374
6,200,28.687528,70.372977
6,200,28.687528,70.323488
6,200,28.687528,70.771408
6,200,28.687528,70.372977
6,200,28.687528,70.708856
6,200,28.687528,70.385360
6,200,28.687528,70.746374
6,200,28.687528,70.410139
6,200,28.687528,70.335854
6,200,28.687528,70.746374
6,200,28.687528,70.323488
6,200,28.687528,70.783932
6,200,28.687528,70.372977
6,200,28.687528,70.410139
8,200,28.687528,39.054872
8,200,28.687528,93.984962
8,200,28.687528,92.464170
8,200,28.687528,94.161959
8,200,28.687528,94.161958
8,200,28.687528,84.245998
8,200,28.687528,94.051258
8,200,28.687528,78.755661
8,200,28.687528,94.051258
8,200,28.687528,21.996151
8,200,28.687528,91.178482
8,200,28.687528,94.139798
8,200,28.687528,94.117647
8,200,28.687528,93.023256
8,200,28.687528,94.206312
8,200,28.687528,87.412587
8,200,28.687528,94.117647
8,200,28.687528,71.492404
8,200,28.687528,94.184130
8,200,28.687528,92.336103
8,200,28.687528,94.117647
8,200,28.687528,84.068937
8,200,28.687528,94.161958
8,200,28.687528,94.228504
8,200,28.687528,93.066543
1,256,28.687518,10.951140
1,256,28.687518,12.490185
1,256,28.687518,11.260868
1,256,28.687518,11.545346
1,256,28.687518,11.840931
1,256,28.687518,11.858929
1,256,28.687518,10.505763
1,256,28.687518,11.703484
1,256,28.687518,12.102007
1,256,28.687518,10.724092
1,256,28.687518,11.839006
1,256,28.687518,11.706411
1,256,28.687518,10.998741
1,256,28.687518,12.608654
1,256,28.687518,12.430013
1,256,28.687518,10.750833
1,256,28.687518,12.128435
1,256,28.687518,11.261255
1,256,28.687518,11.362982
1,256,28.687518,12.120809
1,256,28.687518,12.365750
1,256,28.687518,9.897605
1,256,28.687518,10.514865
1,256,28.687518,11.866230
1,256,28.687518,12.506632
2,256,28.687518,17.092038
2,256,28.687518,21.868660
2,256,28.687518,23.487922
2,256,28.687518,21.526738
2,256,28.687518,23.549535
2,256,28.687518,19.407149
2,256,28.687518,24.374605
2,256,28.687518,23.783705
2,256,28.687518,22.742921
2,256,28.687518,22.800682
2,256,28.687518,23.215842
2,256,28.687518,20.190394
2,256,28.687518,24.875123
2,256,28.687518,24.320332
2,256,28.687518,22.897072
2,256,28.687518,23.983898
2,256,28.687518,22.393221
2,256,28.687518,23.802709
2,256,28.687518,22.428474
2,256,28.687518,23.809628
2,256,28.687518,21.645473
2,256,28.687518,22.684666
2,256,28.687518,17.421447
2,256,28.687518,23.483714
2,256,28.687518,23.994435
4,256,28.687518,36.129886
4,256,28.687518,38.460094
4,256,28.687518,43.583162
4,256,28.687518,45.316001
4,256,28.687518,44.057815
4,256,28.687518,38.466866
4,256,28.687518,45.835781
4,256,28.687518,47.229749
4,256,28.687518,45.826166
4,256,28.687518,44.200445
4,256,28.687518,45.752583
4,256,28.687518,47.239962
4,256,28.687518,45.653779
4,256,28.687518,47.243368
4,256,28.687518,47.219540
4,256,28.687518,45.746196
4,256,28.687518,41.467983
4,256,28.687518,37.432031
4,256,28.687518,45.932156
4,256,28.687518,48.783683
4,256,28.687518,45.375614
4,256,28.687518,46.881751
4,256,28.687518,44.176609
4,256,28.687518,46.129373
4,256,28.687518,47.458904
6,256,28.687518,40.245640
6,256,28.687518,43.246668
6,256,28.687518,61.553489
6,256,28.687518,67.195735
6,256,28.687518,69.771106
6,256,28.687518,70.590263
6,256,28.687518,66.011281
6,256,28.687518,48.018757
6,256,28.687518,67.976351
6,256,28.687518,69.800831
6,256,28.687518,67.223305
6,256,28.687518,70.544672
6,256,28.687518,69.919983
6,256,28.687518,59.839299
6,256,28.687518,41.384188
6,256,28.687518,63.228172
6,256,28.687518,70.849730
6,256,28.687518,68.259556
6,256,28.687518,70.212128
6,256,28.687518,70.567460
6,256,28.687518,70.582660
6,256,28.687518,70.674000
6,256,28.687518,70.658760
6,256,28.687518,70.643527
6,256,28.687518,68.124740
8,256,28.687518,41.562659
8,256,28.687518,78.873511
8,256,28.687518,93.649614
8,256,28.687518,51.917928
8,256,28.687518,91.645924
8,256,28.687518,94.377880
8,256,28.687518,88.995111
8,256,28.687518,24.199099
8,256,28.687518,87.218525
8,256,28.687518,94.405071
8,256,28.687518,87.732262
8,256,28.687518,92.434415
8,256,28.687518,94.405071
8,256,28.687518,77.465721
8,256,28.687518,89.787642
8,256,28.687518,31.045002
8,256,28.687518,91.072818
8,256,28.687518,84.290675
8,256,28.687518,94.445886
8,256,28.687518,91.569093
8,256,28.687518,88.383007
8,256,28.687518,87.920580
8,256,28.687518,94.405071
8,256,28.687518,89.652531
8,256,28.687518,86.745202
1,300,28.687513,10.754487
1,300,28.687513,11.662261
1,300,28.687513,11.249859
1,300,28.687513,10.485478
1,300,28.687513,11.354318
1,300,28.687513,10.075228
1,300,28.687513,10.554337
1,300,28.687513,12.143782
1,300,28.687513,9.765837
1,300,28.687513,10.431154
1,300,28.687513,10.191487
1,300,28.687513,12.314428
1,300,28.687513,11.736171
1,300,28.687513,11.901613
1,300,28.687513,10.890742
1,300,28.687513,10.978020
1,300,28.687513,11.874448
1,300,28.687513,11.952667
1,300,28.687513,10.893378
1,300,28.687513,11.911695
1,300,28.687513,10.922993
1,300,28.687513,12.472457
1,300,28.687513,11.585248
1,300,28.687513,10.876659
1,300,28.687513,12.321341
2,300,28.687513,23.480303
2,300,28.687513,21.639297
2,300,28.687513,24.937656
2,300,28.687513,25.129136
2,300,28.687513,23.577491
2,300,28.687513,20.481544
2,300,28.687513,23.585524
2,300,28.687513,20.090631
2,300,28.687513,25.017373
2,300,28.687513,21.585322
2,300,28.687513,19.686331
2,300,28.687513,24.419362
2,300,28.687513,24.826216
2,300,28.687513,22.691745
2,300,28.687513,19.124928
2,300,28.687513,21.811308
2,300,28.687513,24.844035
2,300,28.687513,24.773597
2,300,28.687513,22.511819
2,300,28.687513,23.706045
2,300,28.687513,20.498337
2,300,28.687513,24.012807
2,300,28.687513,17.560633
2,300,28.687513,24.237201
2,300,28.687513,24.616395
4,300,28.687513,36.085161
4,300,28.687513,45.551169
4,300,28.687513,23.599748
4,300,28.687513,41.784670
4,300,28.687513,44.872114
4,300,28.687513,44.001173
4,300,28.687513,43.287961
4,300,28.687513,43.329642
4,300,28.687513,44.910180
4,300,28.687513,45.794535
4,300,28.687513,42.340986
4,300,28.687513,45.581160
4,300,28.687513,46.629708
4,300,28.687513,46.875000
4,300,28.687513,40.099804
4,300,28.687513,46.704722
4,300,28.687513,46.772685
4,300,28.687513,46.745962
4,300,28.687513,44.713831
4,300,28.687513,42.672230
4,300,28.687513,46.194118
4,300,28.687513,46.653880
4,300,28.687513,46.821351
4,300,28.687513,46.816479
4,300,28.687513,46.071154
6,300,28.687513,48.272903
6,300,28.687513,70.494243
6,300,28.687513,39.241334
6,300,28.687513,70.246644
6,300,28.687513,72.633363
6,300,28.687513,68.186984
6,300,28.687513,67.199283
6,300,28.687513,68.608020
6,300,28.687513,70.372977
6,300,28.687513,67.975831
6,300,28.687513,70.317994
6,300,28.687513,69.897484
6,300,28.687513,67.801718
6,300,28.687513,69.316081
6,300,28.687513,37.234703
6,300,28.687513,43.346337
6,300,28.687513,60.905461
6,300,28.687513,68.321567
6,300,28.687513,69.358816
6,300,28.687513,70.406008
6,300,28.687513,59.646100
6,300,28.687513,66.810185
6,300,28.687513,70.627011
6,300,28.687513,70.356473
6,300,28.687513,62.150404
8,300,28.687513,60.483871
8,300,28.687513,84.388186
8,300,28.687513,93.896714
8,300,28.687513,93.945720
8,300,28.687513,91.519219
8,300,28.687513,93.652445
8,300,28.687513,94.448525
8,300,28.687513,37.837383
8,300,28.687513,88.994364
8,300,28.687513,90.063044
8,300,28.687513,88.045392
8,300,28.687513,93.994778
8,300,28.687513,89.321159
8,300,28.687513,87.907794
8,300,28.687513,93.994778
8,300,28.687513,88.148874
8,300,28.687513,93.916310
8,300,28.687513,89.303433
8,300,28.687513,91.612378
8,300,28.687513,55.394842
8,300,28.687513,39.040472
8,300,28.687513,91.687042
8,300,28.687513,89.928058
8,300,28.687513,93.896714
8,300,28.687513,79.232327
1,400,28.687507,11.376969
1,400,28.687507,11.115434
1,400,28.687507,11.865563
1,400,28.687507,12.724063
1,400,28.687507,11.146097
1,400,28.687507,11.902636
1,400,28.687507,11.397391
1,400,28.687507,11.210291
1,400,28.687507,12.195029
1,400,28.687507,10.441274
1,400,28.687507,12.148454
1,400,28.687507,11.485012
1,400,28.687507,11.147573
1,400,28.687507,11.710030
1,400,28.687507,10.443523
1,400,28.687507,11.240296
1,400,28.687507,11.780558
1,400,28.687507,10.453349
1,400,28.687507,11.862572
1,400,28.687507,10.453485
1,400,28.687507,11.955287
1,400,28.687507,11.759431
1,400,28.687507,11.601517
1,400,28.687507,11.915312
1,400,28.687507,11.884954
2,400,28.687507,23.827607
2,400,28.687507,20.429792
2,400,28.687507,18.174590
2,400,28.687507,24.034128
2,400,28.687507,22.886568
2,400,28.687507,24.736020
2,400,28.687507,21.658206
2,400,28.687507,24.920178
2,400,28.687507,22.964420
2,400,28.687507,22.406453
2,400,28.687507,21.066768
2,400,28.687507,22.993131
2,400,28.687507,22.945647
2,400,28.687507,23.997720
2,400,28.687507,23.250069
2,400,28.687507,22.327658
2,400,28.687507,21.949680
2,400,28.687507,22.351676
2,400,28.687507,23.623559
2,400,28.687507,24.124361
2,400,28.687507,24.334601
2,400,28.687507,22.480751
2,400,28.687507,22.688277
2,400,28.687507,22.221914
2,400,28.687507,24.584748
4,400,28.687507,40.510431
4,400,28.687507,46.329810
4,400,28.687507,46.525153
4,400,28.687507,47.114252
4,400,28.687507,45.458420
4,400,28.687507,44.072279
4,400,28.687507,47.692858
4,400,28.687507,46.311036
4,400,28.687507,45.737808
4,400,28.687507,39.911198
4,400,28.687507,47.993281
4,400,28.687507,40.683483
4,400,28.687507,47.074053
4,400,28.687507,46.937339
4,400,28.687507,45.072962
4,400,28.687507,46.959380
4,400,28.687507,46.611898
4,400,28.687507,41.451851
4,400,28.687507,42.382983
4,400,28.687507,43.490079
4,400,28.687507,46.302995
4,400,28.687507,46.534625
4,400,28.687507,46.958002
4,400,28.687507,40.390781
4,400,28.687507,45.287291
6,400,28.687507,58.979652
6,400,28.687507,70.407041
6,400,28.687507,65.686838
6,400,28.687507,50.519403
6,400,28.687507,70.727610
6,400,28.687507,70.643296
6,400,28.687507,70.758889
6,400,28.687507,61.876402
6,400,28.687507,69.345122
6,400,28.687507,57.148980
6,400,28.687507,66.575126
6,400,28.687507,70.209312
6,400,28.687507,65.077686
6,400,28.687507,68.146003
6,400,28.687507,70.727610
6,400,28.687507,70.144673
6,400,28.687507,58.152213
6,400,28.687507,61.279203
6,400,28.687507,70.708856
6,400,28.687507,70.662015
6,400,28.687507,71.025880
6,400,28.687507,64.667367
6,400,28.687507,69.213133
6,400,28.687507,54.886625
6,400,28.687507,69.544052
8,400,28.687507,4.723470
8,400,28.687507,42.809365
8,400,28.687507,49.701789
8,400,28.687507,94.228504
8,400,28.687507,91.085051
8,400,28.687507,28.419688
8,400,28.687507,92.288170
8,400,28.687507,89.057108
8,400,28.687507,24.275159
8,400,28.687507,90.744102
8,400,28.687507,58.398423
8,400,28.687507,91.491308
8,400,28.687507,89.671019
8,400,28.687507,34.540077
8,400,28.687507,67.337233
8,400,28.687507,92.123445
8,400,28.687507,88.908646
8,400,28.687507,90.764693
8,400,28.687507,89.928058
8,400,28.687507,88.028169
8,400,28.687507,24.572289
8,400,28.687507,94.134259
8,400,28.687507,61.552666
8,400,28.687507,91.157703
8,400,28.687507,91.064314
1,512,28.687504,11.462753
1,512,28.687504,11.121604
1,512,28.687504,11.339193
1,512,28.687504,11.816698
1,512,28.687504,10.303835
1,512,28.687504,11.471532
1,512,28.687504,11.547736
1,512,28.687504,11.776989
1,512,28.687504,12.228748
1,512,28.687504,11.059855
1,512,28.687504,11.805576
1,512,28.687504,11.514108
1,512,28.687504,11.540415
1,512,28.687504,11.361456
1,512,28.687504,11.407286
1,512,28.687504,10.744840
1,512,28.687504,11.614504
1,512,28.687504,10.918527
1,512,28.687504,11.935493
1,512,28.687504,12.175585
1,512,28.687504,11.799784
1,512,28.687504,11.577929
1,512,28.687504,10.655480
1,512,28.687504,12.041525
1,512,28.687504,10.956220
2,512,28.687504,23.941403
2,512,28.687504,23.579190
2,512,28.687504,21.557363
2,512,28.687504,25.228471
2,512,28.687504,21.855350
2,512,28.687504,21.746026
2,512,28.687504,24.533832
2,512,28.687504,23.558212
2,512,28.687504,21.803543
2,512,28.687504,22.884479
2,512,28.687504,22.114205
2,512,28.687504,21.831870
2,512,28.687504,23.482031
2,512,28.687504,21.875960
2,512,28.687504,22.791761
2,512,28.687504,23.686783
2,512,28.687504,24.055646
2,512,28.687504,22.491399
2,512,28.687504,23.005380
2,512,28.687504,25.081950
2,512,28.687504,23.524175
2,512,28.687504,20.318878
2,512,28.687504,24.733599
2,512,28.687504,24.654277
2,512,28.687504,21.792849
4,512,28.687504,41.939014
4,512,28.687504,46.275950
4,512,28.687504,42.326347
4,512,28.687504,44.094128
4,512,28.687504,46.627417
4,512,28.687504,44.760441
4,512,28.687504,46.784694
4,512,28.687504,45.131101
4,512,28.687504,47.262107
4,512,28.687504,47.086379
4,512,28.687504,45.170762
4,512,28.687504,44.557306
4,512,28.687504,47.431425
4,512,28.687504,47.383414
4,512,28.687504,45.897575
4,512,28.687504,45.995017
4,512,28.687504,46.709668
4,512,28.687504,45.796544
4,512,28.687504,46.948922
4,512,28.687504,47.193188
4,512,28.687504,47.005326
4,512,28.687504,47.259550
4,512,28.687504,47.143114
4,512,28.687504,46.910275
4,512,28.687504,45.625968
6,512,28.687504,49.131119
6,512,28.687504,70.330802
6,512,28.687504,68.073437
6,512,28.687504,66.744068
6,512,28.687504,60.203477
6,512,28.687504,58.737172
6,512,28.687504,70.374228
6,512,28.687504,70.834414
6,512,28.687504,61.344628
6,512,28.687504,65.772782
6,512,28.687504,67.879541
6,512,28.687504,70.618787
6,512,28.687504,62.865776
6,512,28.687504,70.472606
6,512,28.687504,70.605473
6,512,28.687504,70.620690
6,512,28.687504,61.916954
6,512,28.687504,70.807628
6,512,28.687504,70.752206
6,512,28.687504,70.293084
6,512,28.687504,67.437744
6,512,28.687504,62.117959
6,512,28.687504,66.259889
6,512,28.687504,70.757936
6,512,28.687504,70.838242
8,512,28.687504,74.095933
8,512,28.687504,90.108621
8,512,28.687504,76.237894
8,512,28.687504,61.622943
8,512,28.687504,70.685434
8,512,28.687504,91.190037
8,512,28.687504,91.537119
8,512,28.687504,71.777011
8,512,28.687504,58.040119
8,512,28.687504,69.593289
8,512,28.687504,31.235508
8,512,28.687504,61.900871
8,512,28.687504,90.133407
8,512,28.687504,90.068373
8,512,28.687504,61.110101
8,512,28.687504,38.591450
8,512,28.687504,58.198610
8,512,28.687504,50.208577
8,512,28.687504,72.184161
8,512,28.687504,44.834699
8,512,28.687504,91.151987
8,512,28.687504,90.817253
8,512,28.687504,91.537119
8,512,28.687504,91.110802
8,512,28.687504,42.859899
1,750,28.687502,11.969053
1,750,28.687502,11.591461
1,750,28.687502,11.456608
1,750,28.687502,11.530018
1,750,28.687502,11.717798
1,750,28.687502,11.387769
1,750,28.687502,11.390352
1,750,28.687502,11.552751
1,750,28.687502,11.631995
1,750,28.687502,11.138658
1,750,28.687502,11.482123
1,750,28.687502,11.909828
1,750,28.687502,11.339400
1,750,28.687502,11.894466
1,750,28.687502,11.574146
1,750,28.687502,11.463496
1,750,28.687502,11.765075
1,750,28.687502,11.303079
1,750,28.687502,10.971649
1,750,28.687502,10.710144
1,750,28.687502,11.828086
1,750,28.687502,11.327731
1,750,28.687502,11.594520
1,750,28.687502,11.786646
1,750,28.687502,11.732071
2,750,28.687502,22.901696
2,750,28.687502,22.405627
2,750,28.687502,23.186984
2,750,28.687502,22.580205
2,750,28.687502,22.936622
2,750,28.687502,23.268127
2,750,28.687502,23.283248
2,750,28.687502,23.541376
2,750,28.687502,23.674641
2,750,28.687502,22.877013
2,750,28.687502,21.610262
2,750,28.687502,23.033078
2,750,28.687502,23.683911
2,750,28.687502,23.759541
2,750,28.687502,22.911677
2,750,28.687502,22.553949
2,750,28.687502,22.371854
2,750,28.687502,22.678708
2,750,28.687502,23.440723
2,750,28.687502,22.435923
2,750,28.687502,21.784594
2,750,28.687502,23.460080
2,750,28.687502,22.743170
2,750,28.687502,22.155177
2,750,28.687502,22.379954
4,750,28.687502,44.910538
4,750,28.687502,40.860949
4,750,28.687502,44.235261
4,750,28.687502,46.613962
4,750,28.687502,40.625451
4,750,28.687502,44.956482
4,750,28.687502,42.676358
4,750,28.687502,41.419683
4,750,28.687502,44.140496
4,750,28.687502,44.661289
4,750,28.687502,44.965826
4,750,28.687502,43.172591
4,750,28.687502,46.960703
4,750,28.687502,40.023623
4,750,28.687502,45.890271
4,750,28.687502,48.921977
4,750,28.687502,47.153204
4,750,28.687502,47.315428
4,750,28.687502,47.224065
4,750,28.687502,47.153599
4,750,28.687502,45.466670
4,750,28.687502,44.882945
4,750,28.687502,44.600381
4,750,28.687502,47.306673
4,750,28.687502,46.855867
6,750,28.687502,52.259953
6,750,28.687502,62.744704
6,750,28.687502,53.179923
6,750,28.687502,55.193053
6,750,28.687502,69.266575
6,750,28.687502,64.631400
6,750,28.687502,67.072880
6,750,28.687502,65.092113
6,750,28.687502,67.458985
6,750,28.687502,60.222905
6,750,28.687502,67.410479
6,750,28.687502,65.177340
6,750,28.687502,61.735847
6,750,28.687502,64.089418
6,750,28.687502,70.744039
6,750,28.687502,60.203568
6,750,28.687502,69.875776
6,750,28.687502,62.067596
6,750,28.687502,70.659615
6,750,28.687502,68.404028
6,750,28.687502,70.560343
6,750,28.687502,65.028150
6,750,28.687502,70.223842
6,750,28.687502,64.376209
6,750,28.687502,70.721802
8,750,28.687502,77.208153
8,750,28.687502,82.601545
8,750,28.687502,91.920777
8,750,28.687502,75.236745
8,750,28.687502,83.724046
8,750,28.687502,87.730243
8,750,28.687502,84.863389
8,750,28.687502,92.711630
8,750,28.687502,46.979137
8,750,28.687502,13.644766
8,750,28.687502,58.684222
8,750,28.687502,23.715765
8,750,28.687502,32.181107
8,750,28.687502,32.672905
8,750,28.687502,54.043927
8,750,28.687502,71.180006
8,750,28.687502,79.607693
8,750,28.687502,72.516082
8,750,28.687502,89.682881
8,750,28.687502,79.092788
8,750,28.687502,61.137982
8,750,28.687502,50.309459
8,750,28.687502,81.054209
8,750,28.687502,44.210923
8,750,28.687502,87.573172
1,1000,28.687501,11.688278
1,1000,28.687501,11.759172
1,1000,28.687501,11.884375
1,1000,28.687501,11.406541
1,1000,28.687501,11.570231
1,1000,28.687501,11.918340
1,1000,28.687501,11.585109
1,1000,28.687501,11.750191
1,1000,28.687501,11.411630
1,1000,28.687501,11.610532
1,1000,28.687501,11.357519
1,1000,28.687501,11.765343
1,1000,28.687501,11.554362
1,1000,28.687501,11.988309
1,1000,28.687501,11.785073
1,1000,28.687501,11.392454
1,1000,28.687501,11.966417
1,1000,28.687501,11.583955
1,1000,28.687501,12.050385
1,1000,28.687501,11.663113
1,1000,28.687501,11.613404
1,1000,28.687501,11.653260
1,1000,28.687501,11.613471
1,1000,28.687501,11.750909
1,1000,28.687501,11.654428
2,1000,28.687501,22.793841
2,1000,28.687501,22.942042
2,1000,28.687501,23.363722
2,1000,28.687501,22.888271
2,1000,28.687501,23.587020
2,1000,28.687501,23.724905
2,1000,28.687501,24.153306
2,1000,28.687501,23.242463
2,1000,28.687501,21.979568
2,1000,28.687501,22.774167
2,1000,28.687501,22.536684
2,1000,28.687501,23.356191
2,1000,28.687501,23.375901
2,1000,28.687501,23.721134
2,1000,28.687501,23.833641
2,1000,28.687501,23.613364
2,1000,28.687501,23.378032
2,1000,28.687501,22.447848
2,1000,28.687501,23.311382
2,1000,28.687501,22.484137
2,1000,28.687501,23.005747
2,1000,28.687501,23.463218
2,1000,28.687501,22.555747
2,1000,28.687501,23.375081
2,1000,28.687501,23.578844
4,1000,28.687501,46.227170
4,1000,28.687501,46.214779
4,1000,28.687501,44.184639
4,1000,28.687501,47.241119
4,1000,28.687501,43.960295
4,1000,28.687501,46.320100
4,1000,28.687501,45.983565
4,1000,28.687501,45.382758
4,1000,28.687501,47.252726
4,1000,28.687501,47.147794
4,1000,28.687501,45.621895
4,1000,28.687501,45.884188
4,1000,28.687501,45.290470
4,1000,28.687501,45.532572
4,1000,28.687501,45.159367
4,1000,28.687501,47.335261
4,1000,28.687501,47.062367
4,1000,28.687501,42.064881
4,1000,28.687501,43.548886
4,1000,28.687501,42.293670
4,1000,28.687501,47.315776
4,1000,28.687501,47.747283
4,1000,28.687501,44.918787
4,1000,28.687501,47.585285
4,1000,28.687501,46.235933
6,1000,28.687501,62.123763
6,1000,28.687501,67.915866
6,1000,28.687501,66.445624
6,1000,28.687501,68.720021
6,1000,28.687501,67.090230
6,1000,28.687501,67.234575
6,1000,28.687501,63.383004
6,1000,28.687501,62.573132
6,1000,28.687501,64.193505
6,1000,28.687501,65.282248
6,1000,28.687501,69.121876
6,1000,28.687501,68.062863
6,1000,28.687501,67.878525
6,1000,28.687501,68.798976
6,1000,28.687501,64.789079
6,1000,28.687501,62.208785
6,1000,28.687501,58.490478
6,1000,28.687501,67.661745
6,1000,28.687501,62.467985
6,1000,28.687501,64.427593
6,1000,28.687501,63.016340
6,1000,28.687501,67.074929
6,1000,28.687501,66.155067
6,1000,28.687501,68.222131
6,1000,28.687501,66.350396
8,1000,28.687501,74.107560
8,1000,28.687501,81.301474
8,1000,28.687501,89.760967
8,1000,28.687501,80.966415
8,1000,28.687501,81.870579
8,1000,28.687501,87.049627
8,1000,28.687501,81.762806
8,1000,28.687501,83.982800
8,1000,28.687501,76.947345
8,1000,28.687501,88.034369
8,1000,28.687501,55.785205
8,1000,28.687501,76.210218
8,1000,28.687501,79.821838
8,1000,28.687501,53.613554
8,1000,28.687501,80.525023
8,1000,28.687501,61.936763
8,1000,28.687501,38.234777
8,1000,28.687501,44.011760
8,1000,28.687501,64.518210
8,1000,28.687501,76.945569
8,1000,28.687501,76.894094
8,1000,28.687501,58.349866
8,1000,28.687501,78.290143
8,1000,28.687501,76.209057
8,1000,28.687501,92.008170
1,1024,28.687501,11.577047
1,1024,28.687501,11.433045
1,1024,28.687501,11.670009
1,1024,28.687501,11.240913
1,1024,28.687501,11.752253
1,1024,28.687501,11.406740
1,1024,28.687501,11.853915
1,1024,28.687501,11.423566
1,1024,28.687501,11.509116
1,1024,28.687501,11.617760
1,1024,28.687501,11.721145
1,1024,28.687501,11.623980
1,1024,28.687501,11.841426
1,1024,28.687501,11.642617
1,1024,28.687501,11.537609
1,1024,28.687501,11.803477
1,1024,28.687501,11.663259
1,1024,28.687501,11.357641
1,1024,28.687501,11.880750
1,1024,28.687501,11.598150
1,1024,28.687501,11.679381
1,1024,28.687501,11.754901
1,1024,28.687501,11.648308
1,1024,28.687501,11.756944
1,1024,28.687501,11.704764
2,1024,28.687501,23.871909
2,1024,28.687501,23.029480
2,1024,28.687501,22.666376
2,1024,28.687501,22.423629
2,1024,28.687501,23.790936
2,1024,28.687501,23.838045
2,1024,28.687501,23.065346
2,1024,28.687501,23.059513
2,1024,28.687501,22.728181
2,1024,28.687501,22.319150
2,1024,28.687501,23.055000
2,1024,28.687501,23.284717
2,1024,28.687501,23.128176
2,1024,28.687501,23.303605
2,1024,28.687501,23.780415
2,1024,28.687501,22.479296
2,1024,28.687501,23.864140
2,1024,28.687501,22.197675
2,1024,28.687501,22.665592
2,1024,28.687501,22.881084
2,1024,28.687501,23.239819
2,1024,28.687501,23.293407
2,1024,28.687501,22.707755
2,1024,28.687501,22.597988
2,1024,28.687501,23.446641
4,1024,28.687501,43.870352
4,1024,28.687501,45.859436
4,1024,28.687501,48.122332
4,1024,28.687501,46.608557
4,1024,28.687501,46.861009
4,1024,28.687501,46.862894
4,1024,28.687501,45.013308
4,1024,28.687501,42.804611
4,1024,28.687501,47.687256
4,1024,28.687501,46.169182
4,1024,28.687501,48.350217
4,1024,28.687501,46.339551
4,1024,28.687501,45.312672
4,1024,28.687501,48.164773
4,1024,28.687501,47.432712
4,1024,28.687501,46.310490
4,1024,28.687501,46.808294
4,1024,28.687501,47.408479
4,1024,28.687501,42.979887
4,1024,28.687501,42.706287
4,1024,28.687501,45.570448
4,1024,28.687501,47.990407
4,1024,28.687501,47.911029
4,1024,28.687501,47.682919
4,1024,28.687501,46.465633
6,1024,28.687501,65.493838
6,1024,28.687501,66.345414
6,1024,28.687501,67.778187
6,1024,28.687501,67.033786
6,1024,28.687501,66.880720
6,1024,28.687501,67.702042
6,1024,28.687501,67.749722
6,1024,28.687501,69.569741
6,1024,28.687501,69.137639
6,1024,28.687501,69.144933
6,1024,28.687501,67.737905
6,1024,28.687501,65.544193
6,1024,28.687501,65.163347
6,1024,28.687501,65.685434
6,1024,28.687501,66.778072
6,1024,28.687501,63.650358
6,1024,28.687501,57.943900
6,1024,28.687501,64.857830
6,1024,28.687501,58.838687
6,1024,28.687501,65.394584
6,1024,28.687501,68.952601
6,1024,28.687501,68.252447
6,1024,28.687501,68.249782
6,1024,28.687501,68.021329
6,1024,28.687501,55.982275
8,1024,28.687501,73.478060
8,1024,28.687501,83.887422
8,1024,28.687501,79.713554
8,1024,28.687501,87.815287
8,1024,28.687501,81.724627
8,1024,28.687501,83.814335
8,1024,28.687501,83.031191
8,1024,28.687501,83.350636
8,1024,28.687501,87.509681
8,1024,28.687501,83.369191
8,1024,28.687501,77.747740
8,1024,28.687501,91.827305
8,1024,28.687501,82.744210
8,1024,28.687501,66.587669
8,1024,28.687501,83.845164
8,1024,28.687501,62.303981
8,1024,28.687501,26.011317
8,1024,28.687501,45.751585
8,1024,28.687501,74.178227
8,1024,28.687501,79.599186
8,1024,28.687501,72.232394
8,1024,28.687501,29.671669
8,1024,28.687501,33.727874
8,1024,28.687501,55.245491
8,1024,28.687501,83.418270
