SimdMulSum,1024,506.453997,-8.708352
SimdMulSum,1024,1585.452960,-8.708352
SimdMulSum,1024,1862.001063,-8.708352
SimdMulSum,1024,1865.159674,-8.708352
SimdMulSum,1024,1873.103284,-8.708352
SimdMulSum,1024,1858.853132,-8.708352
SimdMulSum,1024,1873.103284,-8.708352
SimdMulSum,1024,1871.509154,-8.708352
SimdMulSum,1024,1871.509154,-8.708352
SimdMulSum,1024,1852.589095,-8.708352
SimdMulSum,1024,1871.509154,-8.708352
SimdMulSum,1024,1857.283155,-8.708352
SimdMulSum,1024,1868.329019,-8.708352
SimdMulSum,1024,1869.917734,-8.708352
SimdMulSum,1024,1865.159674,-8.708352
SimdMulSum,1024,1869.917734,-8.708352
SimdMulSum,1024,1868.329019,-8.708352
SimdMulSum,1024,1868.329019,-8.708352
SimdMulSum,1024,1868.329019,-8.708352
SimdMulSum,1024,1857.283155,-8.708352
SimdMulSum,1024,1871.509154,-8.708352
SimdMulSum,1024,1858.853132,-8.708352
SimdMulSum,1024,1865.159674,-8.708352
SimdMulSum,1024,1868.329019,-8.708352
SimdMulSum,1024,1868.329019,-8.708352
NonSimdMulSum,1024,246.970267,-8.708343
NonSimdMulSum,1024,252.210489,-8.708343
NonSimdMulSum,1024,252.355205,-8.708343
NonSimdMulSum,1024,250.915479,-8.708343
NonSimdMulSum,1024,250.858231,-8.708343
NonSimdMulSum,1024,250.915479,-8.708343
NonSimdMulSum,1024,252.413138,-8.708343
NonSimdMulSum,1024,252.152649,-8.708343
NonSimdMulSum,1024,252.152649,-8.708343
NonSimdMulSum,1024,251.030052,-8.708343
NonSimdMulSum,1024,140.100870,-8.708343
NonSimdMulSum,1024,241.465165,-8.708343
NonSimdMulSum,1024,239.989442,-8.708343
NonSimdMulSum,1024,241.279708,-8.708343
NonSimdMulSum,1024,241.438653,-8.708343
NonSimdMulSum,1024,241.385648,-8.708343
NonSimdMulSum,1024,240.146692,-8.708343
NonSimdMulSum,1024,241.412148,-8.708343
NonSimdMulSum,1024,241.385648,-8.708343
NonSimdMulSum,1024,241.385648,-8.708343
NonSimdMulSum,1024,241.385648,-8.708343
NonSimdMulSum,1024,241.412148,-8.708343
NonSimdMulSum,1024,241.438653,-8.708343
NonSimdMulSum,1024,241.385648,-8.708343
NonSimdMulSum,1024,240.199154,-8.708343
SimdMul,1024,1421.475925,0.680375
SimdMul,1024,1723.372457,0.680375
SimdMul,1024,1601.619268,0.680375
SimdMul,1024,1600.453607,0.680375
SimdMul,1024,1668.454670,0.680375
SimdMul,1024,1683.785035,0.680375
SimdMul,1024,1678.643707,0.680375
SimdMul,1024,1885.954765,0.680375
SimdMul,1024,1681.210440,0.680375
SimdMul,1024,1892.446864,0.680375
SimdMul,1024,1683.785035,0.680375
SimdMul,1024,1894.076878,0.680375
SimdMul,1024,1667.189731,0.680375
SimdMul,1024,1894.076878,0.680375
SimdMul,1024,1892.446864,0.680375
SimdMul,1024,1894.076878,0.680375
SimdMul,1024,1681.210440,0.680375
SimdMul,1024,1681.210440,0.680375
SimdMul,1024,1892.446864,0.680375
SimdMul,1024,1673.533680,0.680375
SimdMul,1024,1681.210440,0.680375
SimdMul,1024,1679.926093,0.680375
SimdMul,1024,1683.785035,0.680375
SimdMul,1024,1892.446864,0.680375
SimdMul,1024,1670.990316,0.680375
NonSimdMul,1024,230.167810,0.680375
NonSimdMul,1024,230.723246,0.680375
NonSimdMul,1024,230.360701,0.680375
NonSimdMul,1024,230.433119,0.680375
NonSimdMul,1024,230.360701,0.680375
NonSimdMul,1024,134.579147,0.680375
NonSimdMul,1024,220.453459,0.680375
NonSimdMul,1024,221.363323,0.680375
NonSimdMul,1024,221.296493,0.680375
NonSimdMul,1024,220.431361,0.680375
NonSimdMul,1024,221.296493,0.680375
NonSimdMul,1024,221.363323,0.680375
NonSimdMul,1024,221.407899,0.680375
NonSimdMul,1024,221.452493,0.680375
NonSimdMul,1024,220.453459,0.680375
NonSimdMul,1024,221.541734,0.680375
NonSimdMul,1024,220.453459,0.680375
NonSimdMul,1024,220.497669,0.680375
NonSimdMul,1024,220.453459,0.680375
NonSimdMul,1024,135.558085,0.680375
NonSimdMul,1024,230.747456,0.680375
NonSimdMul,1024,230.433119,0.680375
NonSimdMul,1024,230.433119,0.680375
NonSimdMul,1024,230.481423,0.680375
NonSimdMul,1024,230.481423,0.680375
SimdMulSum,2048,509.445907,-12.351893
SimdMulSum,2048,986.109083,-12.351893
SimdMulSum,2048,1098.138954,-12.351893
SimdMulSum,2048,1101.163373,-12.351893
SimdMulSum,2048,1100.887737,-12.351893
SimdMulSum,2048,1101.163373,-12.351893
SimdMulSum,2048,1101.163373,-12.351893
SimdMulSum,2048,1100.887737,-12.351893
SimdMulSum,2048,1102.267296,-12.351893
SimdMulSum,2048,1102.267296,-12.351893
SimdMulSum,2048,1101.163373,-12.351893
SimdMulSum,2048,1102.267296,-12.351893
SimdMulSum,2048,1100.336880,-12.351893
SimdMulSum,2048,1100.887737,-12.351893
SimdMulSum,2048,1102.267296,-12.351893
SimdMulSum,2048,1101.715058,-12.351893
SimdMulSum,2048,1100.887737,-12.351893
SimdMulSum,2048,1102.267296,-12.351893
SimdMulSum,2048,1100.887737,-12.351893
SimdMulSum,2048,1100.887737,-12.351893
SimdMulSum,2048,1102.267296,-12.351893
SimdMulSum,2048,1101.163373,-12.351893
SimdMulSum,2048,1101.163373,-12.351893
SimdMulSum,2048,1102.267296,-12.351893
SimdMulSum,2048,1101.163373,-12.351893
NonSimdMulSum,2048,142.854013,-12.351883
NonSimdMulSum,2048,143.240181,-12.351883
NonSimdMulSum,2048,143.226187,-12.351883
NonSimdMulSum,2048,143.249512,-12.351883
NonSimdMulSum,2048,143.077085,-12.351883
NonSimdMulSum,2048,143.077085,-12.351883
NonSimdMulSum,2048,143.077085,-12.351883
NonSimdMulSum,2048,143.095706,-12.351883
NonSimdMulSum,2048,83.164029,-12.351883
NonSimdMulSum,2048,143.184220,-12.351883
NonSimdMulSum,2048,142.937584,-12.351883
NonSimdMulSum,2048,143.258844,-12.351883
NonSimdMulSum,2048,142.479154,-12.351883
NonSimdMulSum,2048,143.375599,-12.351883
NonSimdMulSum,2048,142.956168,-12.351883
NonSimdMulSum,2048,143.389623,-12.351883
NonSimdMulSum,2048,143.380274,-12.351883
NonSimdMulSum,2048,142.956168,-12.351883
NonSimdMulSum,2048,142.956168,-12.351883
NonSimdMulSum,2048,142.928293,-12.351883
NonSimdMulSum,2048,143.263511,-12.351883
NonSimdMulSum,2048,143.286848,-12.351883
NonSimdMulSum,2048,143.286848,-12.351883
NonSimdMulSum,2048,143.268177,-12.351883
NonSimdMulSum,2048,143.258844,-12.351883
SimdMul,2048,914.164729,0.680375
SimdMul,2048,1096.496263,0.680375
SimdMul,2048,1101.163373,0.680375
SimdMul,2048,1105.314529,0.680375
SimdMul,2048,1103.650316,0.680375
SimdMul,2048,1103.927337,0.680375
SimdMul,2048,1104.759234,0.680375
SimdMul,2048,1104.759234,0.680375
SimdMul,2048,1104.204497,0.680375
SimdMul,2048,1103.650316,0.680375
SimdMul,2048,1105.036812,0.680375
SimdMul,2048,1105.314529,0.680375
SimdMul,2048,1105.314529,0.680375
SimdMul,2048,1104.481796,0.680375
SimdMul,2048,1105.314529,0.680375
SimdMul,2048,1105.314529,0.680375
SimdMul,2048,1104.481796,0.680375
SimdMul,2048,1103.373435,0.680375
SimdMul,2048,1104.481796,0.680375
SimdMul,2048,1104.759234,0.680375
SimdMul,2048,1103.927337,0.680375
SimdMul,2048,1103.650316,0.680375
SimdMul,2048,1103.373435,0.680375
SimdMul,2048,1103.650316,0.680375
SimdMul,2048,1105.314529,0.680375
NonSimdMul,2048,130.023548,0.680375
NonSimdMul,2048,130.929312,0.680375
NonSimdMul,2048,130.937108,0.680375
NonSimdMul,2048,130.944905,0.680375
NonSimdMul,2048,130.929312,0.680375
NonSimdMul,2048,130.929312,0.680375
NonSimdMul,2048,130.933210,0.680375
NonSimdMul,2048,130.921517,0.680375
NonSimdMul,2048,130.948803,0.680375
NonSimdMul,2048,130.921517,0.680375
NonSimdMul,2048,130.929312,0.680375
NonSimdMul,2048,131.061970,0.680375
NonSimdMul,2048,130.952702,0.680375
NonSimdMul,2048,130.948803,0.680375
NonSimdMul,2048,130.921517,0.680375
NonSimdMul,2048,130.952702,0.680375
NonSimdMul,2048,130.929312,0.680375
NonSimdMul,2048,130.637632,0.680375
NonSimdMul,2048,130.645393,0.680375
NonSimdMul,2048,130.649274,0.680375
NonSimdMul,2048,130.956602,0.680375
NonSimdMul,2048,130.929312,0.680375
NonSimdMul,2048,130.929312,0.680375
NonSimdMul,2048,130.929312,0.680375
NonSimdMul,2048,130.929312,0.680375
SimdMulSum,4096,675.012894,-12.958751
SimdMulSum,4096,1027.101007,-12.958751
SimdMulSum,4096,1057.095664,-12.958751
SimdMulSum,4096,1070.605285,-12.958751
SimdMulSum,4096,1080.733877,-12.958751
SimdMulSum,4096,1079.010430,-12.958751
SimdMulSum,4096,1080.733877,-12.958751
SimdMulSum,4096,1079.672643,-12.958751
SimdMulSum,4096,1081.531172,-12.958751
SimdMulSum,4096,1077.028655,-12.958751
SimdMulSum,4096,1077.028655,-12.958751
SimdMulSum,4096,1078.216845,-12.958751
SimdMulSum,4096,1079.275217,-12.958751
SimdMulSum,4096,1079.407660,-12.958751
SimdMulSum,4096,1079.010430,-12.958751
SimdMulSum,4096,1079.275217,-12.958751
SimdMulSum,4096,1080.733877,-12.958751
SimdMulSum,4096,1077.556416,-12.958751
SimdMulSum,4096,1078.084694,-12.958751
SimdMulSum,4096,1079.540135,-12.958751
SimdMulSum,4096,1082.196484,-12.958751
SimdMulSum,4096,1079.672643,-12.958751
SimdMulSum,4096,1074.135184,-12.958751
SimdMulSum,4096,1080.468373,-12.958751
SimdMulSum,4096,1081.930261,-12.958751
NonSimdMulSum,4096,142.777493,-12.958739
NonSimdMulSum,4096,142.995676,-12.958739
NonSimdMulSum,4096,142.977081,-12.958739
NonSimdMulSum,4096,142.942229,-12.958739
NonSimdMulSum,4096,142.972433,-12.958739
NonSimdMulSum,4096,142.977081,-12.958739
NonSimdMulSum,4096,142.963138,-12.958739
NonSimdMulSum,4096,142.951522,-12.958739
NonSimdMulSum,4096,142.872576,-12.958739
NonSimdMulSum,4096,142.886501,-12.958739
NonSimdMulSum,4096,142.956168,-12.958739
NonSimdMulSum,4096,142.930616,-12.958739
NonSimdMulSum,4096,142.977081,-12.958739
NonSimdMulSum,4096,142.981730,-12.958739
NonSimdMulSum,4096,142.877218,-12.958739
NonSimdMulSum,4096,118.488241,-12.958739
NonSimdMulSum,4096,142.830817,-12.958739
NonSimdMulSum,4096,142.916682,-12.958739
NonSimdMulSum,4096,142.891144,-12.958739
NonSimdMulSum,4096,142.881859,-12.958739
NonSimdMulSum,4096,142.872576,-12.958739
NonSimdMulSum,4096,142.891144,-12.958739
NonSimdMulSum,4096,142.867935,-12.958739
NonSimdMulSum,4096,142.905072,-12.958739
NonSimdMulSum,4096,142.821540,-12.958739
SimdMul,4096,926.489680,0.680375
SimdMul,4096,1033.254202,0.680375
SimdMul,4096,1041.944210,0.680375
SimdMul,4096,1052.667906,0.680375
SimdMul,4096,1045.908802,0.680375
SimdMul,4096,1064.000608,0.680375
SimdMul,4096,1041.204193,0.680375
SimdMul,4096,1043.303644,0.680375
SimdMul,4096,1036.786071,0.680375
SimdMul,4096,1035.809353,0.680375
SimdMul,4096,1035.443558,0.680375
SimdMul,4096,1048.902101,0.680375
SimdMul,4096,1032.284124,0.680375
SimdMul,4096,1041.450749,0.680375
SimdMul,4096,1040.096136,0.680375
SimdMul,4096,1065.031241,0.680375
SimdMul,4096,1017.948504,0.680375
SimdMul,4096,1063.871919,0.680375
SimdMul,4096,1042.067649,0.680375
SimdMul,4096,1046.406498,0.680375
SimdMul,4096,1030.470129,0.680375
SimdMul,4096,1038.499766,0.680375
SimdMul,4096,1029.384789,0.680375
SimdMul,4096,1054.813889,0.680375
SimdMul,4096,1030.228745,0.680375
NonSimdMul,4096,130.579452,0.680375
NonSimdMul,4096,130.612414,0.680375
NonSimdMul,4096,130.724999,0.680375
NonSimdMul,4096,130.575575,0.680375
NonSimdMul,4096,130.678389,0.680375
NonSimdMul,4096,130.503895,0.680375
NonSimdMul,4096,130.465182,0.680375
NonSimdMul,4096,130.503895,0.680375
NonSimdMul,4096,130.474858,0.680375
NonSimdMul,4096,130.622112,0.680375
NonSimdMul,4096,130.608535,0.680375
NonSimdMul,4096,130.438096,0.680375
NonSimdMul,4096,130.909826,0.680375
NonSimdMul,4096,130.678389,0.680375
NonSimdMul,4096,130.467117,0.680375
NonSimdMul,4096,130.583329,0.680375
NonSimdMul,4096,57.588667,0.680375
NonSimdMul,4096,130.441965,0.680375
NonSimdMul,4096,130.649274,0.680375
NonSimdMul,4096,130.826103,0.680375
NonSimdMul,4096,130.754148,0.680375
NonSimdMul,4096,130.758035,0.680375
NonSimdMul,4096,130.686155,0.680375
NonSimdMul,4096,130.445834,0.680375
NonSimdMul,4096,130.380094,0.680375
SimdMulSum,8192,1375.679234,50.670055
SimdMulSum,8192,1754.481504,50.670055
SimdMulSum,8192,1830.231590,50.670055
SimdMulSum,8192,1835.195707,50.670055
SimdMulSum,8192,1832.328512,50.670055
SimdMulSum,8192,1838.456061,50.670055
SimdMulSum,8192,1839.224887,50.670055
SimdMulSum,8192,1835.387172,50.670055
SimdMulSum,8192,1835.004281,50.670055
SimdMulSum,8192,1835.578677,50.670055
SimdMulSum,8192,1828.139462,50.670055
SimdMulSum,8192,1840.186825,50.670055
SimdMulSum,8192,1835.195707,50.670055
SimdMulSum,8192,1835.004281,50.670055
SimdMulSum,8192,1839.994357,50.670055
SimdMulSum,8192,1836.345099,50.670055
SimdMulSum,8192,1835.195707,50.670055
SimdMulSum,8192,1838.840393,50.670055
SimdMulSum,8192,1834.812896,50.670055
SimdMulSum,8192,1835.004281,50.670055
SimdMulSum,8192,1833.092221,50.670055
SimdMulSum,8192,1835.961808,50.670055
SimdMulSum,8192,1834.812896,50.670055
SimdMulSum,8192,1838.840393,50.670055
SimdMulSum,8192,1829.470263,50.670055
NonSimdMulSum,8192,241.173860,50.670113
NonSimdMulSum,8192,204.805593,50.670113
NonSimdMulSum,8192,241.187086,50.670113
NonSimdMulSum,8192,241.395585,50.670113
NonSimdMulSum,8192,240.975646,50.670113
NonSimdMulSum,8192,241.094535,50.670113
NonSimdMulSum,8192,241.253237,50.670113
NonSimdMulSum,8192,241.240004,50.670113
NonSimdMulSum,8192,241.140802,50.670113
NonSimdMulSum,8192,241.226772,50.670113
NonSimdMulSum,8192,241.319424,50.670113
NonSimdMulSum,8192,241.220157,50.670113
NonSimdMulSum,8192,241.246620,50.670113
NonSimdMulSum,8192,241.226772,50.670113
NonSimdMulSum,8192,241.240004,50.670113
NonSimdMulSum,8192,241.230080,50.670113
NonSimdMulSum,8192,241.203620,50.670113
NonSimdMulSum,8192,225.894168,50.670113
NonSimdMulSum,8192,227.327407,50.670113
NonSimdMulSum,8192,241.193699,50.670113
NonSimdMulSum,8192,241.352532,50.670113
NonSimdMulSum,8192,241.240004,50.670113
NonSimdMulSum,8192,241.210235,50.670113
NonSimdMulSum,8192,226.280610,50.670113
NonSimdMulSum,8192,226.242779,50.670113
SimdMul,8192,1612.630493,0.680375
SimdMul,8192,1737.499856,0.680375
SimdMul,8192,1744.045409,0.680375
SimdMul,8192,1772.155338,0.680375
SimdMul,8192,1744.045409,0.680375
SimdMul,8192,1745.949389,0.680375
SimdMul,8192,1771.263194,0.680375
SimdMul,8192,1744.910340,0.680375
SimdMul,8192,1763.627674,0.680375
SimdMul,8192,1735.271853,0.680375
SimdMul,8192,1742.663303,0.680375
SimdMul,8192,1734.416449,0.680375
SimdMul,8192,1736.470836,0.680375
SimdMul,8192,1741.800598,0.680375
SimdMul,8192,1757.461143,0.680375
SimdMul,8192,1738.873781,0.680375
SimdMul,8192,1746.642776,0.680375
SimdMul,8192,1729.641731,0.680375
SimdMul,8192,1752.384306,0.680375
SimdMul,8192,1740.249881,0.680375
SimdMul,8192,1739.733588,0.680375
SimdMul,8192,1740.422046,0.680375
SimdMul,8192,1756.408351,0.680375
SimdMul,8192,1754.131623,0.680375
SimdMul,8192,1767.881222,0.680375
NonSimdMul,8192,92.996210,0.680375
NonSimdMul,8192,221.201887,0.680375
NonSimdMul,8192,221.580800,0.680375
NonSimdMul,8192,221.591964,0.680375
NonSimdMul,8192,221.597547,0.680375
NonSimdMul,8192,221.124036,0.680375
NonSimdMul,8192,221.321550,0.680375
NonSimdMul,8192,205.771002,0.680375
NonSimdMul,8192,209.440760,0.680375
NonSimdMul,8192,221.597547,0.680375
NonSimdMul,8192,221.591964,0.680375
NonSimdMul,8192,221.787519,0.680375
NonSimdMul,8192,221.343827,0.680375
NonSimdMul,8192,221.343827,0.680375
NonSimdMul,8192,221.608713,0.680375
NonSimdMul,8192,221.561266,0.680375
NonSimdMul,8192,221.555685,0.680375
NonSimdMul,8192,221.561266,0.680375
NonSimdMul,8192,221.541734,0.680375
NonSimdMul,8192,221.561266,0.680375
NonSimdMul,8192,221.583591,0.680375
NonSimdMul,8192,221.341042,0.680375
NonSimdMul,8192,221.530575,0.680375
NonSimdMul,8192,221.745586,0.680375
NonSimdMul,8192,93.826493,0.680375
SimdMulSum,16384,1575.795955,-52.450500
SimdMulSum,16384,1847.530565,-52.450500
SimdMulSum,16384,1909.599571,-52.450500
SimdMulSum,16384,1909.599571,-52.450500
SimdMulSum,16384,1910.014228,-52.450500
SimdMulSum,16384,1910.221624,-52.450500
SimdMulSum,16384,1910.429065,-52.450500
SimdMulSum,16384,1908.874354,-52.450500
SimdMulSum,16384,1908.253178,-52.450500
SimdMulSum,16384,1910.221624,-52.450500
SimdMulSum,16384,1905.359693,-52.450500
SimdMulSum,16384,1907.115404,-52.450500
SimdMulSum,16384,1909.081502,-52.450500
SimdMulSum,16384,1905.566079,-52.450500
SimdMulSum,16384,1906.082241,-52.450500
SimdMulSum,16384,1906.495372,-52.450500
SimdMulSum,16384,1904.019270,-52.450500
SimdMulSum,16384,1903.813218,-52.450500
SimdMulSum,16384,1907.322171,-52.450500
SimdMulSum,16384,1907.115404,-52.450500
SimdMulSum,16384,1910.221624,-52.450500
SimdMulSum,16384,1907.528983,-52.450500
SimdMulSum,16384,1908.253178,-52.450500
SimdMulSum,16384,1910.429065,-52.450500
SimdMulSum,16384,1905.050197,-52.450500
NonSimdMulSum,16384,252.373306,-52.450405
NonSimdMulSum,16384,252.612485,-52.450405
NonSimdMulSum,16384,252.601603,-52.450405
NonSimdMulSum,16384,252.601603,-52.450405
NonSimdMulSum,16384,252.617926,-52.450405
NonSimdMulSum,16384,252.601603,-52.450405
NonSimdMulSum,16384,252.617926,-52.450405
NonSimdMulSum,16384,215.851071,-52.450405
NonSimdMulSum,16384,236.882348,-52.450405
NonSimdMulSum,16384,252.578030,-52.450405
NonSimdMulSum,16384,252.636065,-52.450405
NonSimdMulSum,16384,252.578030,-52.450405
NonSimdMulSum,16384,252.617926,-52.450405
NonSimdMulSum,16384,252.579843,-52.450405
NonSimdMulSum,16384,252.614298,-52.450405
NonSimdMulSum,16384,252.594349,-52.450405
NonSimdMulSum,16384,252.639693,-52.450405
NonSimdMulSum,16384,252.585282,-52.450405
NonSimdMulSum,16384,252.636065,-52.450405
NonSimdMulSum,16384,252.585282,-52.450405
NonSimdMulSum,16384,252.643321,-52.450405
NonSimdMulSum,16384,252.594349,-52.450405
NonSimdMulSum,16384,216.304905,-52.450405
NonSimdMulSum,16384,178.210980,-52.450405
NonSimdMulSum,16384,240.143414,-52.450405
SimdMul,16384,1713.385541,0.680375
SimdMul,16384,1804.419308,0.680375
SimdMul,16384,1809.988790,0.680375
SimdMul,16384,1801.647401,0.680375
SimdMul,16384,1800.817488,0.680375
SimdMul,16384,1811.013593,0.680375
SimdMul,16384,1817.656253,0.680375
SimdMul,16384,1821.891678,0.680375
SimdMul,16384,1817.468469,0.680375
SimdMul,16384,1816.436349,0.680375
SimdMul,16384,1809.802587,0.680375
SimdMul,16384,1823.874972,0.680375
SimdMul,16384,1813.160118,0.680375
SimdMul,16384,1822.080377,0.680375
SimdMul,16384,1827.095191,0.680375
SimdMul,16384,1826.715751,0.680375
SimdMul,16384,1821.608703,0.680375
SimdMul,16384,1821.231538,0.680375
SimdMul,16384,1814.188516,0.680375
SimdMul,16384,1821.043015,0.680375
SimdMul,16384,1821.703018,0.680375
SimdMul,16384,1807.849763,0.680375
SimdMul,16384,1812.039558,0.680375
SimdMul,16384,1815.218082,0.680375
SimdMul,16384,1812.132885,0.680375
NonSimdMul,16384,230.764103,0.680375
NonSimdMul,16384,230.957996,0.680375
NonSimdMul,16384,231.193225,0.680375
NonSimdMul,16384,230.730811,0.680375
NonSimdMul,16384,230.997420,0.680375
NonSimdMul,16384,230.907977,0.680375
NonSimdMul,16384,231.062652,0.680375
NonSimdMul,16384,194.168881,0.680375
NonSimdMul,16384,214.100210,0.680375
NonSimdMul,16384,231.126401,0.680375
NonSimdMul,16384,231.014104,0.680375
NonSimdMul,16384,230.880703,0.680375
NonSimdMul,16384,231.017138,0.680375
NonSimdMul,16384,230.957996,0.680375
NonSimdMul,16384,231.121847,0.680375
NonSimdMul,16384,231.033824,0.680375
NonSimdMul,16384,231.121847,0.680375
NonSimdMul,16384,231.167402,0.680375
NonSimdMul,16384,231.196263,0.680375
NonSimdMul,16384,231.067204,0.680375
NonSimdMul,16384,189.677255,0.680375
NonSimdMul,16384,212.770524,0.680375
NonSimdMul,16384,230.945868,0.680375
NonSimdMul,16384,230.824660,0.680375
NonSimdMul,16384,230.920101,0.680375
SimdMulSum,32768,1617.746659,83.082520
SimdMulSum,32768,1856.352235,83.082520
SimdMulSum,32768,1866.990639,83.082520
SimdMulSum,32768,1889.854819,83.082520
SimdMulSum,32768,1892.548657,83.082520
SimdMulSum,32768,1886.156968,83.082520
SimdMulSum,32768,1887.674880,83.082520
SimdMulSum,32768,1882.926902,83.082520
SimdMulSum,32768,1890.819652,83.082520
SimdMulSum,32768,1889.448868,83.082520
SimdMulSum,32768,1887.421725,83.082520
SimdMulSum,32768,1880.712641,83.082520
SimdMulSum,32768,1888.333401,83.082520
SimdMulSum,32768,1885.045384,83.082520
SimdMulSum,32768,1888.333401,83.082520
SimdMulSum,32768,1886.207526,83.082520
SimdMulSum,32768,1885.803140,83.082520
SimdMulSum,32768,1888.637488,83.082520
SimdMulSum,32768,1888.789569,83.082520
SimdMulSum,32768,1617.077493,83.082520
SimdMulSum,32768,1523.231902,83.082520
SimdMulSum,32768,1860.474954,83.082520
SimdMulSum,32768,1886.460355,83.082520
SimdMulSum,32768,1889.195237,83.082520
SimdMulSum,32768,1885.095882,83.082520
NonSimdMulSum,32768,252.385978,83.082382
NonSimdMulSum,32768,252.510053,83.082382
NonSimdMulSum,32768,252.358825,83.082382
NonSimdMulSum,32768,222.290560,83.082382
NonSimdMulSum,32768,252.414949,83.082382
NonSimdMulSum,32768,252.514584,83.082382
NonSimdMulSum,32768,252.461133,83.082382
NonSimdMulSum,32768,252.531802,83.082382
NonSimdMulSum,32768,252.474720,83.082382
NonSimdMulSum,32768,252.529989,83.082382
NonSimdMulSum,32768,232.306782,83.082382
NonSimdMulSum,32768,206.163463,83.082382
NonSimdMulSum,32768,252.482873,83.082382
NonSimdMulSum,32768,252.477438,83.082382
NonSimdMulSum,32768,252.438492,83.082382
NonSimdMulSum,32768,252.477438,83.082382
NonSimdMulSum,32768,252.482873,83.082382
NonSimdMulSum,32768,234.184663,83.082382
NonSimdMulSum,32768,241.871848,83.082382
NonSimdMulSum,32768,252.449359,83.082382
NonSimdMulSum,32768,252.465662,83.082382
NonSimdMulSum,32768,252.516396,83.082382
NonSimdMulSum,32768,252.491027,83.082382
NonSimdMulSum,32768,252.494651,83.082382
NonSimdMulSum,32768,252.450265,83.082382
SimdMul,32768,1546.905785,0.680375
SimdMul,32768,1427.676443,0.680375
SimdMul,32768,1005.727535,0.680375
SimdMul,32768,1305.542564,0.680375
SimdMul,32768,1371.737152,0.680375
SimdMul,32768,1247.982552,0.680375
SimdMul,32768,1400.150109,0.680375
SimdMul,32768,1432.471789,0.680375
SimdMul,32768,1436.008901,0.680375
SimdMul,32768,1435.920993,0.680375
SimdMul,32768,1437.769327,0.680375
SimdMul,32768,1430.666128,0.680375
SimdMul,32768,1412.488090,0.680375
SimdMul,32768,1428.661947,0.680375
SimdMul,32768,1429.358416,0.680375
SimdMul,32768,1433.551535,0.680375
SimdMul,32768,1425.507337,0.680375
SimdMul,32768,1434.866934,0.680375
SimdMul,32768,1421.590791,0.680375
SimdMul,32768,1432.034518,0.680375
SimdMul,32768,1423.143311,0.680375
SimdMul,32768,1428.806988,0.680375
SimdMul,32768,1440.300145,0.680375
SimdMul,32768,1421.418498,0.680375
SimdMul,32768,1424.382005,0.680375
NonSimdMul,32768,230.960270,0.680375
NonSimdMul,32768,231.200821,0.680375
NonSimdMul,32768,223.341080,0.680375
NonSimdMul,32768,214.821790,0.680375
NonSimdMul,32768,231.334592,0.680375
NonSimdMul,32768,231.121847,0.680375
NonSimdMul,32768,231.211456,0.680375
NonSimdMul,32768,231.219813,0.680375
NonSimdMul,32768,231.332310,0.680375
NonSimdMul,32768,215.550232,0.680375
NonSimdMul,32768,221.758863,0.680375
NonSimdMul,32768,231.029273,0.680375
NonSimdMul,32768,231.272247,0.680375
NonSimdMul,32768,231.198542,0.680375
NonSimdMul,32768,231.172718,0.680375
NonSimdMul,32768,231.285170,0.680375
NonSimdMul,32768,214.728051,0.680375
NonSimdMul,32768,224.863374,0.680375
NonSimdMul,32768,231.250967,0.680375
NonSimdMul,32768,231.165883,0.680375
NonSimdMul,32768,231.231210,0.680375
NonSimdMul,32768,231.048237,0.680375
NonSimdMul,32768,231.224371,0.680375
NonSimdMul,32768,180.299533,0.680375
NonSimdMul,32768,225.818053,0.680375
SimdMulSum,65536,1778.448074,1.239948
SimdMulSum,65536,1859.123240,1.239948
SimdMulSum,65536,1870.539060,1.239948
SimdMulSum,65536,1872.505167,1.239948
SimdMulSum,65536,1878.528656,1.239948
SimdMulSum,65536,1879.707880,1.239948
SimdMulSum,65536,1872.679578,1.239948
SimdMulSum,65536,1879.456857,1.239948
SimdMulSum,65536,1871.434495,1.239948
SimdMulSum,65536,1871.534041,1.239948
SimdMulSum,65536,1880.561858,1.239948
SimdMulSum,65536,1880.260365,1.239948
SimdMulSum,65536,1879.005185,1.239948
SimdMulSum,65536,1633.689953,1.239948
SimdMulSum,65536,1628.227687,1.239948
SimdMulSum,65536,1794.617433,1.239948
SimdMulSum,65536,1795.510358,1.239948
SimdMulSum,65536,1793.976907,1.239948
SimdMulSum,65536,1803.448171,1.239948
SimdMulSum,65536,1871.982128,1.239948
SimdMulSum,65536,1881.165134,1.239948
SimdMulSum,65536,1870.365047,1.239948
SimdMulSum,65536,1869.569972,1.239948
SimdMulSum,65536,1871.708272,1.239948
SimdMulSum,65536,1876.925281,1.239948
NonSimdMulSum,65536,252.383715,1.240011
NonSimdMulSum,65536,252.565338,1.240011
NonSimdMulSum,65536,238.865240,1.240011
NonSimdMulSum,65536,252.431700,1.240011
NonSimdMulSum,65536,252.499634,1.240011
NonSimdMulSum,65536,221.983770,1.240011
NonSimdMulSum,65536,226.639540,1.240011
NonSimdMulSum,65536,252.568964,1.240011
NonSimdMulSum,65536,252.575310,1.240011
NonSimdMulSum,65536,239.897808,1.240011
NonSimdMulSum,65536,252.448906,1.240011
NonSimdMulSum,65536,252.533614,1.240011
NonSimdMulSum,65536,252.425814,1.240011
NonSimdMulSum,65536,240.611864,1.240011
NonSimdMulSum,65536,252.309059,1.240011
NonSimdMulSum,65536,252.490121,1.240011
NonSimdMulSum,65536,252.515037,1.240011
NonSimdMulSum,65536,231.323945,1.240011
NonSimdMulSum,65536,252.455699,1.240011
NonSimdMulSum,65536,252.509600,1.240011
NonSimdMulSum,65536,217.041113,1.240011
NonSimdMulSum,65536,249.094663,1.240011
NonSimdMulSum,65536,252.459322,1.240011
NonSimdMulSum,65536,252.537693,1.240011
NonSimdMulSum,65536,240.529208,1.240011
SimdMul,65536,1331.757682,0.680375
SimdMul,65536,1409.460886,0.680375
SimdMul,65536,1402.857682,0.680375
SimdMul,65536,1402.256647,0.680375
SimdMul,65536,1397.647259,0.680375
SimdMul,65536,1404.818115,0.680375
SimdMul,65536,1406.769972,0.680375
SimdMul,65536,1421.447211,0.680375
SimdMul,65536,1408.008487,0.680375
SimdMul,65536,1412.970246,0.680375
SimdMul,65536,1412.317997,0.680375
SimdMul,65536,1404.271444,0.680375
SimdMul,65536,1402.969559,0.680375
SimdMul,65536,1417.452974,0.680375
SimdMul,65536,1403.963253,0.680375
SimdMul,65536,1424.064924,0.680375
SimdMul,65536,1407.107533,0.680375
SimdMul,65536,740.154872,0.680375
SimdMul,65536,1301.618389,0.680375
SimdMul,65536,1411.722990,0.680375
SimdMul,65536,1428.024112,0.680375
SimdMul,65536,1407.529712,0.680375
SimdMul,65536,1427.169728,0.680375
SimdMul,65536,1421.576432,0.680375
SimdMul,65536,1402.200763,0.680375
NonSimdMul,65536,231.174996,0.680375
NonSimdMul,65536,231.212975,0.680375
NonSimdMul,65536,220.182370,0.680375
NonSimdMul,65536,231.217913,0.680375
NonSimdMul,65536,231.256287,0.680375
NonSimdMul,65536,192.989621,0.680375
NonSimdMul,65536,231.122606,0.680375
NonSimdMul,65536,231.315961,0.680375
NonSimdMul,65536,217.665809,0.680375
NonSimdMul,65536,226.325005,0.680375
NonSimdMul,65536,231.266167,0.680375
NonSimdMul,65536,230.526726,0.680375
NonSimdMul,65536,163.504320,0.680375
NonSimdMul,65536,189.400041,0.680375
NonSimdMul,65536,215.052554,0.680375
NonSimdMul,65536,204.328355,0.680375
NonSimdMul,65536,168.869247,0.680375
NonSimdMul,65536,193.335332,0.680375
NonSimdMul,65536,207.414666,0.680375
NonSimdMul,65536,214.999005,0.680375
NonSimdMul,65536,215.003931,0.680375
NonSimdMul,65536,45.960351,0.680375
NonSimdMul,65536,196.944450,0.680375
NonSimdMul,65536,208.388225,0.680375
NonSimdMul,65536,214.932679,0.680375
SimdMulSum,131072,1826.324620,145.423218
SimdMulSum,131072,1875.249678,145.423218
SimdMulSum,131072,1885.411557,145.423218
SimdMulSum,131072,1885.980038,145.423218
SimdMulSum,131072,1885.904220,145.423218
SimdMulSum,131072,1885.714704,145.423218
SimdMulSum,131072,1608.603087,145.423218
SimdMulSum,131072,1764.169305,145.423218
SimdMulSum,131072,1884.957019,145.423218
SimdMulSum,131072,1885.739971,145.423218
SimdMulSum,131072,1885.146383,145.423218
SimdMulSum,131072,1885.222139,145.423218
SimdMulSum,131072,1885.803140,145.423218
SimdMulSum,131072,1885.297902,145.423218
SimdMulSum,131072,1885.007512,145.423218
SimdMulSum,131072,1885.032760,145.423218
SimdMulSum,131072,1885.361042,145.423218
SimdMulSum,131072,1885.297902,145.423218
SimdMulSum,131072,1884.275622,145.423218
SimdMulSum,131072,1885.272647,145.423218
SimdMulSum,131072,1109.969623,145.423218
SimdMulSum,131072,1881.139990,145.423218
SimdMulSum,131072,1882.511331,145.423218
SimdMulSum,131072,1882.322496,145.423218
SimdMulSum,131072,1882.171455,145.423218
NonSimdMulSum,131072,252.204614,145.422974
NonSimdMulSum,131072,244.666812,145.422974
NonSimdMulSum,131072,252.147906,145.422974
NonSimdMulSum,131072,244.994553,145.422974
NonSimdMulSum,131072,247.797336,145.422974
NonSimdMulSum,131072,244.986663,145.422974
NonSimdMulSum,131072,245.526251,145.422974
NonSimdMulSum,131072,252.173658,145.422974
NonSimdMulSum,131072,240.722571,145.422974
NonSimdMulSum,131072,252.112900,145.422974
NonSimdMulSum,131072,245.792322,145.422974
NonSimdMulSum,131072,252.203710,145.422974
NonSimdMulSum,131072,232.626831,145.422974
NonSimdMulSum,131072,252.126901,145.422974
NonSimdMulSum,131072,246.548001,145.422974
NonSimdMulSum,131072,252.186085,145.422974
NonSimdMulSum,131072,245.164838,145.422974
NonSimdMulSum,131072,248.747515,145.422974
NonSimdMulSum,131072,246.224924,145.422974
NonSimdMulSum,131072,214.488175,145.422974
NonSimdMulSum,131072,247.056759,145.422974
NonSimdMulSum,131072,244.102410,145.422974
NonSimdMulSum,131072,252.165300,145.422974
NonSimdMulSum,131072,226.550339,145.422974
NonSimdMulSum,131072,252.117868,145.422974
SimdMul,131072,1423.193681,0.680375
SimdMul,131072,1264.391204,0.680375
SimdMul,131072,1326.948533,0.680375
SimdMul,131072,1402.319522,0.680375
SimdMul,131072,1406.734819,0.680375
SimdMul,131072,1404.166363,0.680375
SimdMul,131072,1410.237666,0.680375
SimdMul,131072,1404.229410,0.680375
SimdMul,131072,1404.467636,0.680375
SimdMul,131072,1401.753851,0.680375
SimdMul,131072,1226.689634,0.680375
SimdMul,131072,1148.165125,0.680375
SimdMul,131072,1341.660359,0.680375
SimdMul,131072,1401.914427,0.680375
SimdMul,131072,1401.077042,0.680375
SimdMul,131072,1404.138345,0.680375
SimdMul,131072,1413.694096,0.680375
SimdMul,131072,1403.956250,0.680375
SimdMul,131072,1402.382402,0.680375
SimdMul,131072,1401.698007,0.680375
SimdMul,131072,1407.846512,0.680375
SimdMul,131072,1400.491468,0.680375
SimdMul,131072,1228.300896,0.680375
SimdMul,131072,1397.508474,0.680375
SimdMul,131072,1403.431242,0.680375
NonSimdMul,131072,231.267877,0.680375
NonSimdMul,131072,226.083229,0.680375
NonSimdMul,131072,231.234439,0.680375
NonSimdMul,131072,226.032939,0.680375
NonSimdMul,131072,221.287273,0.680375
NonSimdMul,131072,231.171959,0.680375
NonSimdMul,131072,225.310301,0.680375
NonSimdMul,131072,231.289351,0.680375
NonSimdMul,131072,226.196781,0.680375
NonSimdMul,131072,227.615467,0.680375
NonSimdMul,131072,229.382638,0.680375
NonSimdMul,131072,213.526232,0.680375
NonSimdMul,131072,225.489714,0.680375
NonSimdMul,131072,217.428902,0.680375
NonSimdMul,131072,225.573562,0.680375
NonSimdMul,131072,220.488170,0.680375
NonSimdMul,131072,224.410344,0.680375
NonSimdMul,131072,231.169111,0.680375
NonSimdMul,131072,225.469304,0.680375
NonSimdMul,131072,231.168351,0.680375
NonSimdMul,131072,225.667785,0.680375
NonSimdMul,131072,188.107588,0.680375
NonSimdMul,131072,225.186106,0.680375
NonSimdMul,131072,225.127932,0.680375
NonSimdMul,131072,231.133803,0.680375
SimdMulSum,262144,1835.357253,91.163475
SimdMulSum,262144,1870.147577,91.163475
SimdMulSum,262144,1882.165162,91.163475
SimdMulSum,262144,1702.833529,91.163475
SimdMulSum,262144,1876.049593,91.163475
SimdMulSum,262144,1881.957522,91.163475
SimdMulSum,262144,1880.718924,91.163475
SimdMulSum,262144,1835.417092,91.163475
SimdMulSum,262144,1795.012271,91.163475
SimdMulSum,262144,1798.694324,91.163475
SimdMulSum,262144,1739.980940,91.163475
SimdMulSum,262144,1798.004942,91.163475
SimdMulSum,262144,1829.922224,91.163475
SimdMulSum,262144,1882.070774,91.163475
SimdMulSum,262144,1881.863155,91.163475
SimdMulSum,262144,1883.046570,91.163475
SimdMulSum,262144,1818.096524,91.163475
SimdMulSum,262144,1815.540061,91.163475
SimdMulSum,262144,1878.779430,91.163475
SimdMulSum,262144,1882.177748,91.163475
SimdMulSum,262144,1879.990360,91.163475
SimdMulSum,262144,1881.705898,91.163475
SimdMulSum,262144,1881.674449,91.163475
SimdMulSum,262144,1780.625056,91.163475
SimdMulSum,262144,1791.789987,91.163475
NonSimdMulSum,262144,248.435316,91.163551
NonSimdMulSum,262144,248.671039,91.163551
NonSimdMulSum,262144,248.582316,91.163551
NonSimdMulSum,262144,248.671698,91.163551
NonSimdMulSum,262144,248.630293,91.163551
NonSimdMulSum,262144,246.108776,91.163551
NonSimdMulSum,262144,249.232183,91.163551
NonSimdMulSum,262144,250.818330,91.163551
NonSimdMulSum,262144,248.312254,91.163551
NonSimdMulSum,262144,246.278891,91.163551
NonSimdMulSum,262144,246.434353,91.163551
NonSimdMulSum,262144,249.073833,91.163551
NonSimdMulSum,262144,250.975550,91.163551
NonSimdMulSum,262144,199.767693,91.163551
NonSimdMulSum,262144,199.559496,91.163551
NonSimdMulSum,262144,216.086790,91.163551
NonSimdMulSum,262144,218.213303,91.163551
NonSimdMulSum,262144,236.380245,91.163551
NonSimdMulSum,262144,240.254408,91.163551
NonSimdMulSum,262144,251.059271,91.163551
NonSimdMulSum,262144,248.857256,91.163551
NonSimdMulSum,262144,246.668238,91.163551
NonSimdMulSum,262144,249.242776,91.163551
NonSimdMulSum,262144,247.971651,91.163551
NonSimdMulSum,262144,248.744657,91.163551
SimdMul,262144,1354.449759,0.680375
SimdMul,262144,1355.885145,0.680375
SimdMul,262144,1298.340268,0.680375
SimdMul,262144,1406.292039,0.680375
SimdMul,262144,1406.450143,0.680375
SimdMul,262144,1409.545584,0.680375
SimdMul,262144,1408.762515,0.680375
SimdMul,262144,1370.601642,0.680375
SimdMul,262144,1371.205900,0.680375
SimdMul,262144,1375.047516,0.680375
SimdMul,262144,1409.739722,0.680375
SimdMul,262144,1407.702174,0.680375
SimdMul,262144,1371.282722,0.680375
SimdMul,262144,1408.156410,0.680375
SimdMul,262144,1409.612644,0.680375
SimdMul,262144,1408.452350,0.680375
SimdMul,262144,1410.354257,0.680375
SimdMul,262144,1410.177612,0.680375
SimdMul,262144,1369.154924,0.680375
SimdMul,262144,1408.082445,0.680375
SimdMul,262144,1408.392447,0.680375
SimdMul,262144,1408.892966,0.680375
SimdMul,262144,1410.004542,0.680375
SimdMul,262144,1371.175841,0.680375
SimdMul,262144,1411.326598,0.680375
NonSimdMul,262144,229.546788,0.680375
NonSimdMul,262144,226.742235,0.680375
NonSimdMul,262144,229.476235,0.680375
NonSimdMul,262144,229.477171,0.680375
NonSimdMul,262144,228.845631,0.680375
NonSimdMul,262144,229.254849,0.680375
NonSimdMul,262144,229.443313,0.680375
NonSimdMul,262144,229.511600,0.680375
NonSimdMul,262144,229.437890,0.680375
NonSimdMul,262144,229.511600,0.680375
NonSimdMul,262144,227.522737,0.680375
NonSimdMul,262144,226.060260,0.680375
NonSimdMul,262144,226.862027,0.680375
NonSimdMul,262144,229.269227,0.680375
NonSimdMul,262144,227.526324,0.680375
NonSimdMul,262144,229.427885,0.680375
NonSimdMul,262144,229.570096,0.680375
NonSimdMul,262144,229.474458,0.680375
NonSimdMul,262144,228.731728,0.680375
NonSimdMul,262144,229.390490,0.680375
NonSimdMul,262144,229.522174,0.680375
NonSimdMul,262144,229.542482,0.680375
NonSimdMul,262144,229.388714,0.680375
NonSimdMul,262144,229.533497,0.680375
NonSimdMul,262144,228.552873,0.680375
SimdMulSum,524288,1680.312194,132.381653
SimdMulSum,524288,1754.722129,132.381653
SimdMulSum,524288,1763.760287,132.381653
SimdMulSum,524288,1770.747833,132.381653
SimdMulSum,524288,1799.715004,132.381653
SimdMulSum,524288,1772.004726,132.381653
SimdMulSum,524288,1771.238116,132.381653
SimdMulSum,524288,1799.292216,132.381653
SimdMulSum,524288,1764.567450,132.381653
SimdMulSum,524288,1798.160007,132.381653
SimdMulSum,524288,1772.465011,132.381653
SimdMulSum,524288,1799.269213,132.381653
SimdMulSum,524288,1736.248578,132.381653
SimdMulSum,524288,1798.743175,132.381653
SimdMulSum,524288,1771.681275,132.381653
SimdMulSum,524288,1768.536582,132.381653
SimdMulSum,524288,1796.097538,132.381653
SimdMulSum,524288,1799.976830,132.381653
SimdMulSum,524288,1799.352602,132.381653
SimdMulSum,524288,1619.512847,132.381653
SimdMulSum,524288,1780.253411,132.381653
SimdMulSum,524288,1758.314721,132.381653
SimdMulSum,524288,1766.455552,132.381653
SimdMulSum,524288,1768.972831,132.381653
SimdMulSum,524288,1799.131206,132.381653
NonSimdMulSum,524288,238.332907,132.382690
NonSimdMulSum,524288,238.210526,132.382690
NonSimdMulSum,524288,207.444666,132.382690
NonSimdMulSum,524288,222.159238,132.382690
NonSimdMulSum,524288,238.754209,132.382690
NonSimdMulSum,524288,238.593720,132.382690
NonSimdMulSum,524288,238.997782,132.382690
NonSimdMulSum,524288,230.952074,132.382690
NonSimdMulSum,524288,238.164520,132.382690
NonSimdMulSum,524288,240.109715,132.382690
NonSimdMulSum,524288,240.087187,132.382690
NonSimdMulSum,524288,238.944473,132.382690
NonSimdMulSum,524288,239.079844,132.382690
NonSimdMulSum,524288,238.589928,132.382690
NonSimdMulSum,524288,237.334148,132.382690
NonSimdMulSum,524288,238.003214,132.382690
NonSimdMulSum,524288,237.586160,132.382690
NonSimdMulSum,524288,240.044190,132.382690
NonSimdMulSum,524288,223.208116,132.382690
NonSimdMulSum,524288,239.538494,132.382690
NonSimdMulSum,524288,239.111121,132.382690
NonSimdMulSum,524288,238.806115,132.382690
NonSimdMulSum,524288,238.843654,132.382690
NonSimdMulSum,524288,237.167519,132.382690
NonSimdMulSum,524288,230.780091,132.382690
SimdMul,524288,1013.992637,0.680375
SimdMul,524288,1278.009926,0.680375
SimdMul,524288,1301.689117,0.680375
SimdMul,524288,1288.585059,0.680375
SimdMul,524288,1321.046168,0.680375
SimdMul,524288,1296.049124,0.680375
SimdMul,524288,1326.387331,0.680375
SimdMul,524288,1327.446039,0.680375
SimdMul,524288,1305.274667,0.680375
SimdMul,524288,1328.468818,0.680375
SimdMul,524288,1312.909410,0.680375
SimdMul,524288,1309.965825,0.680375
SimdMul,524288,1311.212218,0.680375
SimdMul,524288,1307.405738,0.680375
SimdMul,524288,1327.119020,0.680375
SimdMul,524288,1156.112597,0.680375
SimdMul,524288,1310.168565,0.680375
SimdMul,524288,1308.995677,0.680375
SimdMul,524288,1308.025446,0.680375
SimdMul,524288,1324.203328,0.680375
SimdMul,524288,1309.601661,0.680375
SimdMul,524288,1332.373892,0.680375
SimdMul,524288,1353.515133,0.680375
SimdMul,524288,1326.290459,0.680375
SimdMul,524288,1334.925158,0.680375
NonSimdMul,524288,219.797407,0.680375
NonSimdMul,524288,218.888172,0.680375
NonSimdMul,524288,211.757957,0.680375
NonSimdMul,524288,220.279640,0.680375
NonSimdMul,524288,199.465171,0.680375
NonSimdMul,524288,212.042746,0.680375
NonSimdMul,524288,218.306598,0.680375
NonSimdMul,524288,216.720805,0.680375
NonSimdMul,524288,218.974507,0.680375
NonSimdMul,524288,219.008242,0.680375
NonSimdMul,524288,219.263165,0.680375
NonSimdMul,524288,211.720526,0.680375
NonSimdMul,524288,218.690345,0.680375
NonSimdMul,524288,219.062699,0.680375
NonSimdMul,524288,218.458621,0.680375
NonSimdMul,524288,219.440900,0.680375
NonSimdMul,524288,218.772358,0.680375
NonSimdMul,524288,213.784701,0.680375
NonSimdMul,524288,218.596722,0.680375
NonSimdMul,524288,219.574807,0.680375
NonSimdMul,524288,214.308008,0.680375
NonSimdMul,524288,219.219961,0.680375
NonSimdMul,524288,217.920821,0.680375
NonSimdMul,524288,212.312726,0.680375
NonSimdMul,524288,218.068717,0.680375
SimdMulSum,1048576,1074.724739,42.390579
SimdMulSum,1048576,1700.458465,42.390579
SimdMulSum,1048576,1737.848499,42.390579
SimdMulSum,1048576,1744.437225,42.390579
SimdMulSum,1048576,1763.489556,42.390579
SimdMulSum,1048576,1748.877003,42.390579
SimdMulSum,1048576,1764.271589,42.390579
SimdMulSum,1048576,1744.519663,42.390579
SimdMulSum,1048576,1747.548259,42.390579
SimdMulSum,1048576,1762.053032,42.390579
SimdMulSum,1048576,1751.029804,42.390579
SimdMulSum,1048576,1755.605897,42.390579
SimdMulSum,1048576,1754.847936,42.390579
SimdMulSum,1048576,1760.654638,42.390579
SimdMulSum,1048576,1773.268990,42.390579
SimdMulSum,1048576,1758.647044,42.390579
SimdMulSum,1048576,1771.178209,42.390579
SimdMulSum,1048576,1766.585819,42.390579
SimdMulSum,1048576,1766.516526,42.390579
SimdMulSum,1048576,1782.441872,42.390579
SimdMulSum,1048576,1768.972831,42.390579
SimdMulSum,1048576,1784.722003,42.390579
SimdMulSum,1048576,1766.814527,42.390579
SimdMulSum,1048576,1759.930826,42.390579
SimdMulSum,1048576,1756.282320,42.390579
NonSimdMulSum,1048576,240.491036,42.390255
NonSimdMulSum,1048576,240.639017,42.390255
NonSimdMulSum,1048576,241.282913,42.390255
NonSimdMulSum,1048576,247.249333,42.390255
NonSimdMulSum,1048576,247.553386,42.390255
NonSimdMulSum,1048576,247.732372,42.390255
NonSimdMulSum,1048576,248.931865,42.390255
NonSimdMulSum,1048576,218.569945,42.390255
NonSimdMulSum,1048576,238.561037,42.390255
NonSimdMulSum,1048576,249.386978,42.390255
NonSimdMulSum,1048576,241.704522,42.390255
NonSimdMulSum,1048576,249.150557,42.390255
NonSimdMulSum,1048576,249.294348,42.390255
NonSimdMulSum,1048576,248.306669,42.390255
NonSimdMulSum,1048576,248.555591,42.390255
NonSimdMulSum,1048576,248.100716,42.390255
NonSimdMulSum,1048576,247.101437,42.390255
NonSimdMulSum,1048576,244.180893,42.390255
NonSimdMulSum,1048576,239.803767,42.390255
NonSimdMulSum,1048576,239.782215,42.390255
NonSimdMulSum,1048576,245.246517,42.390255
NonSimdMulSum,1048576,248.236566,42.390255
NonSimdMulSum,1048576,249.443224,42.390255
NonSimdMulSum,1048576,214.938649,42.390255
NonSimdMulSum,1048576,243.589317,42.390255
SimdMul,1048576,964.457859,0.680375
SimdMul,1048576,1048.809767,0.680375
SimdMul,1048576,1067.174874,0.680375
SimdMul,1048576,1074.731920,0.680375
SimdMul,1048576,1058.353660,0.680375
SimdMul,1048576,1064.319448,0.680375
SimdMul,1048576,1076.792258,0.680375
SimdMul,1048576,1054.264727,0.680375
SimdMul,1048576,1032.155423,0.680375
SimdMul,1048576,1054.082129,0.680375
SimdMul,1048576,1055.780756,0.680375
SimdMul,1048576,1061.547316,0.680375
SimdMul,1048576,1016.667154,0.680375
SimdMul,1048576,1071.152754,0.680375
SimdMul,1048576,1115.824016,0.680375
SimdMul,1048576,1121.096569,0.680375
SimdMul,1048576,1123.752977,0.680375
SimdMul,1048576,1078.380530,0.680375
SimdMul,1048576,1078.859993,0.680375
SimdMul,1048576,1121.117779,0.680375
SimdMul,1048576,1125.514981,0.680375
SimdMul,1048576,1178.954017,0.680375
SimdMul,1048576,1159.796705,0.680375
SimdMul,1048576,1161.151898,0.680375
SimdMul,1048576,1142.599571,0.680375
NonSimdMul,1048576,226.512167,0.680375
NonSimdMul,1048576,227.743278,0.680375
NonSimdMul,1048576,227.278420,0.680375
NonSimdMul,1048576,225.114811,0.680375
NonSimdMul,1048576,225.172641,0.680375
NonSimdMul,1048576,224.334264,0.680375
NonSimdMul,1048576,225.228721,0.680375
NonSimdMul,1048576,225.940769,0.680375
NonSimdMul,1048576,173.744234,0.680375
NonSimdMul,1048576,222.883567,0.680375
NonSimdMul,1048576,223.958311,0.680375
NonSimdMul,1048576,223.907671,0.680375
NonSimdMul,1048576,227.611072,0.680375
NonSimdMul,1048576,227.389663,0.680375
NonSimdMul,1048576,226.758104,0.680375
NonSimdMul,1048576,222.351954,0.680375
NonSimdMul,1048576,225.891698,0.680375
NonSimdMul,1048576,226.643669,0.680375
NonSimdMul,1048576,228.105503,0.680375
NonSimdMul,1048576,227.036458,0.680375
NonSimdMul,1048576,226.996384,0.680375
NonSimdMul,1048576,225.151004,0.680375
NonSimdMul,1048576,226.427097,0.680375
NonSimdMul,1048576,199.062873,0.680375
NonSimdMul,1048576,212.845660,0.680375
SimdMulSum,2097152,1000.869756,-185.464539
SimdMulSum,2097152,1147.182143,-185.464539
SimdMulSum,2097152,1149.691919,-185.464539
SimdMulSum,2097152,1265.635921,-185.464539
SimdMulSum,2097152,1231.919516,-185.464539
SimdMulSum,2097152,1231.681654,-185.464539
SimdMulSum,2097152,1199.375765,-185.464539
SimdMulSum,2097152,988.034078,-185.464539
SimdMulSum,2097152,1064.191436,-185.464539
SimdMulSum,2097152,1029.945310,-185.464539
SimdMulSum,2097152,1168.720360,-185.464539
SimdMulSum,2097152,1199.032177,-185.464539
SimdMulSum,2097152,1210.746933,-185.464539
SimdMulSum,2097152,1213.909237,-185.464539
SimdMulSum,2097152,1174.471650,-185.464539
SimdMulSum,2097152,1163.330352,-185.464539
SimdMulSum,2097152,1222.439300,-185.464539
SimdMulSum,2097152,1212.192888,-185.464539
SimdMulSum,2097152,1190.688860,-185.464539
SimdMulSum,2097152,1198.172472,-185.464539
SimdMulSum,2097152,1282.880547,-185.464539
SimdMulSum,2097152,1283.790034,-185.464539
SimdMulSum,2097152,1288.285012,-185.464539
SimdMulSum,2097152,1268.931663,-185.464539
SimdMulSum,2097152,1287.008610,-185.464539
NonSimdMulSum,2097152,245.577233,-185.463791
NonSimdMulSum,2097152,244.837188,-185.463791
NonSimdMulSum,2097152,242.882929,-185.463791
NonSimdMulSum,2097152,244.562833,-185.463791
NonSimdMulSum,2097152,239.497119,-185.463791
NonSimdMulSum,2097152,242.932086,-185.463791
NonSimdMulSum,2097152,242.856930,-185.463791
NonSimdMulSum,2097152,240.361040,-185.463791
NonSimdMulSum,2097152,243.050815,-185.463791
NonSimdMulSum,2097152,240.794248,-185.463791
NonSimdMulSum,2097152,241.828871,-185.463791
NonSimdMulSum,2097152,241.587363,-185.463791
NonSimdMulSum,2097152,238.427439,-185.463791
NonSimdMulSum,2097152,240.134502,-185.463791
NonSimdMulSum,2097152,242.333732,-185.463791
NonSimdMulSum,2097152,244.033232,-185.463791
NonSimdMulSum,2097152,241.166679,-185.463791
NonSimdMulSum,2097152,239.857267,-185.463791
NonSimdMulSum,2097152,243.699881,-185.463791
NonSimdMulSum,2097152,242.319989,-185.463791
NonSimdMulSum,2097152,236.786174,-185.463791
NonSimdMulSum,2097152,237.009530,-185.463791
NonSimdMulSum,2097152,242.428868,-185.463791
NonSimdMulSum,2097152,242.653927,-185.463791
NonSimdMulSum,2097152,243.999161,-185.463791
SimdMul,2097152,853.815405,0.680375
SimdMul,2097152,826.817338,0.680375
SimdMul,2097152,812.879515,0.680375
SimdMul,2097152,830.105506,0.680375
SimdMul,2097152,795.566412,0.680375
SimdMul,2097152,822.969849,0.680375
SimdMul,2097152,770.290225,0.680375
SimdMul,2097152,806.074235,0.680375
SimdMul,2097152,611.641760,0.680375
SimdMul,2097152,653.422033,0.680375
SimdMul,2097152,763.795394,0.680375
SimdMul,2097152,797.696469,0.680375
SimdMul,2097152,771.761378,0.680375
SimdMul,2097152,763.615639,0.680375
SimdMul,2097152,783.237170,0.680375
SimdMul,2097152,774.001087,0.680375
SimdMul,2097152,770.678555,0.680375
SimdMul,2097152,789.728622,0.680375
SimdMul,2097152,790.066665,0.680375
SimdMul,2097152,778.019954,0.680375
SimdMul,2097152,759.251482,0.680375
SimdMul,2097152,730.061247,0.680375
SimdMul,2097152,755.720955,0.680375
SimdMul,2097152,763.490068,0.680375
SimdMul,2097152,713.598319,0.680375
NonSimdMul,2097152,222.100261,0.680375
NonSimdMul,2097152,218.128371,0.680375
NonSimdMul,2097152,214.152875,0.680375
NonSimdMul,2097152,214.669362,0.680375
NonSimdMul,2097152,214.477235,0.680375
NonSimdMul,2097152,214.298075,0.680375
NonSimdMul,2097152,219.365897,0.680375
NonSimdMul,2097152,222.144817,0.680375
NonSimdMul,2097152,220.311666,0.680375
NonSimdMul,2097152,216.649630,0.680375
NonSimdMul,2097152,215.177211,0.680375
NonSimdMul,2097152,221.418523,0.680375
NonSimdMul,2097152,218.351253,0.680375
NonSimdMul,2097152,215.831096,0.680375
NonSimdMul,2097152,221.497116,0.680375
NonSimdMul,2097152,221.020302,0.680375
NonSimdMul,2097152,220.667042,0.680375
NonSimdMul,2097152,218.075084,0.680375
NonSimdMul,2097152,219.430903,0.680375
NonSimdMul,2097152,221.567315,0.680375
NonSimdMul,2097152,220.612768,0.680375
NonSimdMul,2097152,222.262234,0.680375
NonSimdMul,2097152,223.291970,0.680375
NonSimdMul,2097152,223.824823,0.680375
NonSimdMul,2097152,217.615871,0.680375
SimdMulSum,4194304,1080.540310,951.547668
SimdMulSum,4194304,856.197892,951.547668
SimdMulSum,4194304,1084.220310,951.547668
SimdMulSum,4194304,1102.720717,951.547668
SimdMulSum,4194304,1112.392267,951.547668
SimdMulSum,4194304,1105.244273,951.547668
SimdMulSum,4194304,1096.706672,951.547668
SimdMulSum,4194304,1126.539218,951.547668
SimdMulSum,4194304,1122.440685,951.547668
SimdMulSum,4194304,1114.710581,951.547668
SimdMulSum,4194304,1106.036867,951.547668
SimdMulSum,4194304,1115.536572,951.547668
SimdMulSum,4194304,1143.976451,951.547668
SimdMulSum,4194304,1126.267633,951.547668
SimdMulSum,4194304,1130.607616,951.547668
SimdMulSum,4194304,1147.745521,951.547668
SimdMulSum,4194304,1136.455160,951.547668
SimdMulSum,4194304,1113.907165,951.547668
SimdMulSum,4194304,1128.301497,951.547668
SimdMulSum,4194304,856.285718,951.547668
SimdMulSum,4194304,1067.034672,951.547668
SimdMulSum,4194304,1168.361978,951.547668
SimdMulSum,4194304,1130.020243,951.547668
SimdMulSum,4194304,1137.225967,951.547668
SimdMulSum,4194304,1125.263851,951.547668
NonSimdMulSum,4194304,241.871874,951.552368
NonSimdMulSum,4194304,240.965995,951.552368
NonSimdMulSum,4194304,232.255698,951.552368
NonSimdMulSum,4194304,242.260790,951.552368
NonSimdMulSum,4194304,242.625972,951.552368
NonSimdMulSum,4194304,243.683807,951.552368
NonSimdMulSum,4194304,234.998525,951.552368
NonSimdMulSum,4194304,243.894659,951.552368
NonSimdMulSum,4194304,243.366380,951.552368
NonSimdMulSum,4194304,246.148935,951.552368
NonSimdMulSum,4194304,235.293232,951.552368
NonSimdMulSum,4194304,244.159163,951.552368
NonSimdMulSum,4194304,240.232557,951.552368
NonSimdMulSum,4194304,242.867558,951.552368
NonSimdMulSum,4194304,229.708712,951.552368
NonSimdMulSum,4194304,234.578858,951.552368
NonSimdMulSum,4194304,234.662249,951.552368
NonSimdMulSum,4194304,235.040973,951.552368
NonSimdMulSum,4194304,226.537673,951.552368
NonSimdMulSum,4194304,233.563050,951.552368
NonSimdMulSum,4194304,234.504221,951.552368
NonSimdMulSum,4194304,238.256600,951.552368
NonSimdMulSum,4194304,232.787542,951.552368
NonSimdMulSum,4194304,246.301647,951.552368
NonSimdMulSum,4194304,244.081368,951.552368
SimdMul,4194304,820.723288,0.680375
SimdMul,4194304,826.410574,0.680375
SimdMul,4194304,790.229763,0.680375
SimdMul,4194304,738.495686,0.680375
SimdMul,4194304,635.511954,0.680375
SimdMul,4194304,679.755790,0.680375
SimdMul,4194304,683.407796,0.680375
SimdMul,4194304,742.839861,0.680375
SimdMul,4194304,782.421612,0.680375
SimdMul,4194304,780.630467,0.680375
SimdMul,4194304,791.163414,0.680375
SimdMul,4194304,816.021171,0.680375
SimdMul,4194304,769.728591,0.680375
SimdMul,4194304,768.837008,0.680375
SimdMul,4194304,808.440631,0.680375
SimdMul,4194304,769.633487,0.680375
SimdMul,4194304,617.226118,0.680375
SimdMul,4194304,737.485238,0.680375
SimdMul,4194304,735.621219,0.680375
SimdMul,4194304,744.227121,0.680375
SimdMul,4194304,740.269477,0.680375
SimdMul,4194304,715.771567,0.680375
SimdMul,4194304,739.311210,0.680375
SimdMul,4194304,746.262041,0.680375
SimdMul,4194304,707.522768,0.680375
NonSimdMul,4194304,209.540823,0.680375
NonSimdMul,4194304,219.156514,0.680375
NonSimdMul,4194304,219.968515,0.680375
NonSimdMul,4194304,218.406248,0.680375
NonSimdMul,4194304,216.104567,0.680375
NonSimdMul,4194304,221.637347,0.680375
NonSimdMul,4194304,220.595348,0.680375
NonSimdMul,4194304,215.470385,0.680375
NonSimdMul,4194304,220.530860,0.680375
NonSimdMul,4194304,220.629266,0.680375
NonSimdMul,4194304,220.510279,0.680375
NonSimdMul,4194304,214.063142,0.680375
NonSimdMul,4194304,221.639703,0.680375
NonSimdMul,4194304,219.847600,0.680375
NonSimdMul,4194304,211.300437,0.680375
NonSimdMul,4194304,219.182432,0.680375
NonSimdMul,4194304,220.069118,0.680375
NonSimdMul,4194304,220.716990,0.680375
NonSimdMul,4194304,214.889257,0.680375
NonSimdMul,4194304,222.341964,0.680375
NonSimdMul,4194304,221.209661,0.680375
NonSimdMul,4194304,215.709963,0.680375
NonSimdMul,4194304,221.168456,0.680375
NonSimdMul,4194304,221.473609,0.680375
NonSimdMul,4194304,221.707106,0.680375
