SimdMulSum,1024,530.908560,1000000.000000
SimdMulSum,1024,1586.596865,1000000.000000
SimdMulSum,1024,1789.278483,1000000.000000
SimdMulSum,1024,1790.735550,1000000.000000
SimdMulSum,1024,1787.823785,1000000.000000
SimdMulSum,1024,1787.823785,1000000.000000
SimdMulSum,1024,1787.823785,1000000.000000
SimdMulSum,1024,1786.371450,1000000.000000
SimdMulSum,1024,1780.585632,1000000.000000
SimdMulSum,1024,1748.031205,1000000.000000
SimdMulSum,1024,1790.735550,1000000.000000
SimdMulSum,1024,1742.490694,1000000.000000
SimdMulSum,1024,1787.823785,1000000.000000
SimdMulSum,1024,1787.823785,1000000.000000
SimdMulSum,1024,1786.371450,1000000.000000
SimdMulSum,1024,1786.371450,1000000.000000
SimdMulSum,1024,1790.735550,1000000.000000
SimdMulSum,1024,1789.278483,1000000.000000
SimdMulSum,1024,1792.194992,1000000.000000
SimdMulSum,1024,1790.735550,1000000.000000
SimdMulSum,1024,1790.735550,1000000.000000
SimdMulSum,1024,1790.735550,1000000.000000
SimdMulSum,1024,1789.278483,1000000.000000
SimdMulSum,1024,1787.823785,1000000.000000
SimdMulSum,1024,1787.823785,1000000.000000
NonSimdMulSum,1024,222.213344,1000000.000000
NonSimdMulSum,1024,221.966615,1000000.000000
NonSimdMulSum,1024,223.387165,1000000.000000
NonSimdMulSum,1024,223.047292,1000000.000000
NonSimdMulSum,1024,223.523405,1000000.000000
NonSimdMulSum,1024,223.092549,1000000.000000
NonSimdMulSum,1024,223.319108,1000000.000000
NonSimdMulSum,1024,223.387165,1000000.000000
NonSimdMulSum,1024,223.591587,1000000.000000
NonSimdMulSum,1024,223.523405,1000000.000000
NonSimdMulSum,1024,223.341789,1000000.000000
NonSimdMulSum,1024,223.296431,1000000.000000
NonSimdMulSum,1024,223.477973,1000000.000000
NonSimdMulSum,1024,223.523405,1000000.000000
NonSimdMulSum,1024,223.341789,1000000.000000
NonSimdMulSum,1024,223.387165,1000000.000000
NonSimdMulSum,1024,223.341789,1000000.000000
NonSimdMulSum,1024,223.319108,1000000.000000
NonSimdMulSum,1024,223.523405,1000000.000000
NonSimdMulSum,1024,223.432560,1000000.000000
NonSimdMulSum,1024,223.432560,1000000.000000
NonSimdMulSum,1024,223.341789,1000000.000000
NonSimdMulSum,1024,223.387165,1000000.000000
NonSimdMulSum,1024,223.387165,1000000.000000
NonSimdMulSum,1024,223.387165,1000000.000000
SimdMul,1024,1512.395637,1000000.000000
SimdMul,1024,1814.375623,1000000.000000
SimdMul,1024,1808.407283,1000000.000000
SimdMul,1024,1759.218604,1000000.000000
SimdMul,1024,1809.895684,1000000.000000
SimdMul,1024,1759.218604,1000000.000000
SimdMul,1024,1805.437812,1000000.000000
SimdMul,1024,1808.407283,1000000.000000
SimdMul,1024,1815.873869,1000000.000000
SimdMul,1024,1805.437812,1000000.000000
SimdMul,1024,1808.407283,1000000.000000
SimdMul,1024,1805.437812,1000000.000000
SimdMul,1024,1815.873869,1000000.000000
SimdMul,1024,1815.873869,1000000.000000
SimdMul,1024,1809.895684,1000000.000000
SimdMul,1024,1805.437812,1000000.000000
SimdMul,1024,1818.877796,1000000.000000
SimdMul,1024,1815.873869,1000000.000000
SimdMul,1024,1818.877796,1000000.000000
SimdMul,1024,1809.895684,1000000.000000
SimdMul,1024,1818.877796,1000000.000000
SimdMul,1024,1805.437812,1000000.000000
SimdMul,1024,1806.921327,1000000.000000
SimdMul,1024,1818.877796,1000000.000000
SimdMul,1024,1812.879848,1000000.000000
NonSimdMul,1024,220.564018,1000000.000000
NonSimdMul,1024,219.792429,1000000.000000
NonSimdMul,1024,219.836375,1000000.000000
NonSimdMul,1024,221.944212,1000000.000000
NonSimdMul,1024,219.310188,1000000.000000
NonSimdMul,1024,219.836375,1000000.000000
NonSimdMul,1024,219.836375,1000000.000000
NonSimdMul,1024,219.792429,1000000.000000
NonSimdMul,1024,219.836375,1000000.000000
NonSimdMul,1024,219.880338,1000000.000000
NonSimdMul,1024,219.836375,1000000.000000
NonSimdMul,1024,219.836375,1000000.000000
NonSimdMul,1024,221.921814,1000000.000000
NonSimdMul,1024,219.310188,1000000.000000
NonSimdMul,1024,219.792429,1000000.000000
NonSimdMul,1024,219.792429,1000000.000000
NonSimdMul,1024,219.836375,1000000.000000
NonSimdMul,1024,219.946315,1000000.000000
NonSimdMul,1024,219.924318,1000000.000000
NonSimdMul,1024,219.968316,1000000.000000
NonSimdMul,1024,219.836375,1000000.000000
NonSimdMul,1024,219.792429,1000000.000000
NonSimdMul,1024,219.924318,1000000.000000
NonSimdMul,1024,219.924318,1000000.000000
NonSimdMul,1024,219.902326,1000000.000000
SimdMulSum,2048,801.539368,1000000.000000
SimdMulSum,2048,1655.267787,1000000.000000
SimdMulSum,2048,1863.579030,1000000.000000
SimdMulSum,2048,1865.159674,1000000.000000
SimdMulSum,2048,1863.579030,1000000.000000
SimdMulSum,2048,1865.159674,1000000.000000
SimdMulSum,2048,1818.877796,1000000.000000
SimdMulSum,2048,1843.271798,1000000.000000
SimdMulSum,2048,1824.158652,1000000.000000
SimdMulSum,2048,1840.186825,1000000.000000
SimdMulSum,2048,1818.877796,1000000.000000
SimdMulSum,2048,1817.374591,1000000.000000
SimdMulSum,2048,1818.877796,1000000.000000
SimdMulSum,2048,1817.374591,1000000.000000
SimdMulSum,2048,1818.877796,1000000.000000
SimdMulSum,2048,1816.623920,1000000.000000
SimdMulSum,2048,1818.877796,1000000.000000
SimdMulSum,2048,1817.374591,1000000.000000
SimdMulSum,2048,1818.877796,1000000.000000
SimdMulSum,2048,1817.374591,1000000.000000
SimdMulSum,2048,1818.877796,1000000.000000
SimdMulSum,2048,1817.374591,1000000.000000
SimdMulSum,2048,1818.877796,1000000.000000
SimdMulSum,2048,1818.877796,1000000.000000
SimdMulSum,2048,1730.832944,1000000.000000
NonSimdMulSum,2048,223.580220,1000000.000000
NonSimdMulSum,2048,223.557491,1000000.000000
NonSimdMulSum,2048,224.275702,1000000.000000
NonSimdMulSum,2048,224.047199,1000000.000000
NonSimdMulSum,2048,224.241397,1000000.000000
NonSimdMulSum,2048,224.012963,1000000.000000
NonSimdMulSum,2048,224.024374,1000000.000000
NonSimdMulSum,2048,224.195673,1000000.000000
NonSimdMulSum,2048,224.024374,1000000.000000
NonSimdMulSum,2048,224.195673,1000000.000000
NonSimdMulSum,2048,224.241397,1000000.000000
NonSimdMulSum,2048,224.218532,1000000.000000
NonSimdMulSum,2048,224.241397,1000000.000000
NonSimdMulSum,2048,224.195673,1000000.000000
NonSimdMulSum,2048,224.218532,1000000.000000
NonSimdMulSum,2048,224.161392,1000000.000000
NonSimdMulSum,2048,224.264266,1000000.000000
NonSimdMulSum,2048,224.241397,1000000.000000
NonSimdMulSum,2048,224.241397,1000000.000000
NonSimdMulSum,2048,224.241397,1000000.000000
NonSimdMulSum,2048,224.161392,1000000.000000
NonSimdMulSum,2048,224.241397,1000000.000000
NonSimdMulSum,2048,224.241397,1000000.000000
NonSimdMulSum,2048,224.241397,1000000.000000
NonSimdMulSum,2048,224.241397,1000000.000000
SimdMul,2048,1424.237860,1000000.000000
SimdMul,2048,1840.186825,1000000.000000
SimdMul,2048,1862.001063,1000000.000000
SimdMul,2048,1833.283248,1000000.000000
SimdMul,2048,1859.639117,1000000.000000
SimdMul,2048,1833.283248,1000000.000000
SimdMul,2048,1854.933155,1000000.000000
SimdMul,2048,1865.159674,1000000.000000
SimdMul,2048,1865.951002,1000000.000000
SimdMul,2048,1863.579030,1000000.000000
SimdMul,2048,1862.789712,1000000.000000
SimdMul,2048,1858.067812,1000000.000000
SimdMul,2048,1863.579030,1000000.000000
SimdMul,2048,1862.001063,1000000.000000
SimdMul,2048,1858.067812,1000000.000000
SimdMul,2048,1863.579030,1000000.000000
SimdMul,2048,1862.789712,1000000.000000
SimdMul,2048,1854.933155,1000000.000000
SimdMul,2048,1857.283155,1000000.000000
SimdMul,2048,1863.579030,1000000.000000
SimdMul,2048,1863.579030,1000000.000000
SimdMul,2048,1857.283155,1000000.000000
SimdMul,2048,1854.933155,1000000.000000
SimdMul,2048,1861.213081,1000000.000000
SimdMul,2048,1860.425766,1000000.000000
NonSimdMul,2048,219.649728,1000000.000000
NonSimdMul,2048,220.056365,1000000.000000
NonSimdMul,2048,221.285359,1000000.000000
NonSimdMul,2048,222.202117,1000000.000000
NonSimdMul,2048,221.821078,1000000.000000
NonSimdMul,2048,220.685760,1000000.000000
NonSimdMul,2048,221.798704,1000000.000000
NonSimdMul,2048,221.809891,1000000.000000
NonSimdMul,2048,222.179667,1000000.000000
NonSimdMul,2048,222.146000,1000000.000000
NonSimdMul,2048,222.202117,1000000.000000
NonSimdMul,2048,222.146000,1000000.000000
NonSimdMul,2048,222.157221,1000000.000000
NonSimdMul,2048,222.045060,1000000.000000
NonSimdMul,2048,220.243703,1000000.000000
NonSimdMul,2048,222.505642,1000000.000000
NonSimdMul,2048,220.851989,1000000.000000
NonSimdMul,2048,221.787519,1000000.000000
NonSimdMul,2048,222.045060,1000000.000000
NonSimdMul,2048,221.240833,1000000.000000
NonSimdMul,2048,222.269496,1000000.000000
NonSimdMul,2048,222.291964,1000000.000000
NonSimdMul,2048,220.122448,1000000.000000
NonSimdMul,2048,221.765153,1000000.000000
NonSimdMul,2048,221.051795,1000000.000000
SimdMulSum,4096,1089.029717,1000000.000000
SimdMulSum,4096,1718.994142,1000000.000000
SimdMulSum,4096,1787.823785,1000000.000000
SimdMulSum,4096,1830.993552,1000000.000000
SimdMulSum,4096,1833.665421,1000000.000000
SimdMulSum,4096,1835.961808,1000000.000000
SimdMulSum,4096,1820.760303,1000000.000000
SimdMulSum,4096,1836.728549,1000000.000000
SimdMulSum,4096,1821.137272,1000000.000000
SimdMulSum,4096,1830.993552,1000000.000000
SimdMulSum,4096,1836.728549,1000000.000000
SimdMulSum,4096,1841.728020,1000000.000000
SimdMulSum,4096,1831.374770,1000000.000000
SimdMulSum,4096,1815.499076,1000000.000000
SimdMulSum,4096,1834.430244,1000000.000000
SimdMulSum,4096,1832.137684,1000000.000000
SimdMulSum,4096,1835.195707,1000000.000000
SimdMulSum,4096,1833.283248,1000000.000000
SimdMulSum,4096,1828.329458,1000000.000000
SimdMulSum,4096,1833.665421,1000000.000000
SimdMulSum,4096,1833.283248,1000000.000000
SimdMulSum,4096,1829.470263,1000000.000000
SimdMulSum,4096,1835.195707,1000000.000000
SimdMulSum,4096,1808.407283,1000000.000000
SimdMulSum,4096,1832.519380,1000000.000000
NonSimdMulSum,4096,223.693938,1000000.000000
NonSimdMulSum,4096,224.894994,1000000.000000
NonSimdMulSum,4096,224.866248,1000000.000000
NonSimdMulSum,4096,224.797286,1000000.000000
NonSimdMulSum,4096,224.831762,1000000.000000
NonSimdMulSum,4096,224.820269,1000000.000000
NonSimdMulSum,4096,224.843256,1000000.000000
NonSimdMulSum,4096,224.803032,1000000.000000
NonSimdMulSum,4096,224.849004,1000000.000000
NonSimdMulSum,4096,224.252830,1000000.000000
NonSimdMulSum,4096,224.820269,1000000.000000
NonSimdMulSum,4096,224.797286,1000000.000000
NonSimdMulSum,4096,224.871997,1000000.000000
NonSimdMulSum,4096,224.831762,1000000.000000
NonSimdMulSum,4096,224.820269,1000000.000000
NonSimdMulSum,4096,224.831762,1000000.000000
NonSimdMulSum,4096,224.791542,1000000.000000
NonSimdMulSum,4096,224.808777,1000000.000000
NonSimdMulSum,4096,224.843256,1000000.000000
NonSimdMulSum,4096,224.849004,1000000.000000
NonSimdMulSum,4096,224.780053,1000000.000000
NonSimdMulSum,4096,224.820269,1000000.000000
NonSimdMulSum,4096,224.860500,1000000.000000
NonSimdMulSum,4096,224.877746,1000000.000000
NonSimdMulSum,4096,224.831762,1000000.000000
SimdMul,4096,1704.669190,1000000.000000
SimdMul,4096,1766.283739,1000000.000000
SimdMul,4096,1739.733588,1000000.000000
SimdMul,4096,1734.587462,1000000.000000
SimdMul,4096,1747.683891,1000000.000000
SimdMul,4096,1734.245470,1000000.000000
SimdMul,4096,1746.642776,1000000.000000
SimdMul,4096,1756.408351,1000000.000000
SimdMul,4096,1746.642776,1000000.000000
SimdMul,4096,1762.744093,1000000.000000
SimdMul,4096,1745.256552,1000000.000000
SimdMul,4096,1753.956734,1000000.000000
SimdMul,4096,1743.181336,1000000.000000
SimdMul,4096,1749.073975,1000000.000000
SimdMul,4096,1751.163253,1000000.000000
SimdMul,4096,1741.455756,1000000.000000
SimdMul,4096,1737.671478,1000000.000000
SimdMul,4096,1734.245470,1000000.000000
SimdMul,4096,1776.270804,1000000.000000
SimdMul,4096,1753.607062,1000000.000000
SimdMul,4096,1752.908135,1000000.000000
SimdMul,4096,1748.031205,1000000.000000
SimdMul,4096,1745.256552,1000000.000000
SimdMul,4096,1745.949389,1000000.000000
SimdMul,4096,1758.866831,1000000.000000
NonSimdMul,4096,220.392699,1000000.000000
NonSimdMul,4096,220.354051,1000000.000000
NonSimdMul,4096,220.525310,1000000.000000
NonSimdMul,4096,220.890812,1000000.000000
NonSimdMul,4096,220.752222,1000000.000000
NonSimdMul,4096,220.924100,1000000.000000
NonSimdMul,4096,220.746682,1000000.000000
NonSimdMul,4096,221.274226,1000000.000000
NonSimdMul,4096,220.348531,1000000.000000
NonSimdMul,4096,221.024022,1000000.000000
NonSimdMul,4096,220.586143,1000000.000000
NonSimdMul,4096,220.757762,1000000.000000
NonSimdMul,4096,220.320935,1000000.000000
NonSimdMul,4096,149.456163,1000000.000000
NonSimdMul,4096,220.183059,1000000.000000
NonSimdMul,4096,220.183059,1000000.000000
NonSimdMul,4096,220.403744,1000000.000000
NonSimdMul,4096,220.188571,1000000.000000
NonSimdMul,4096,220.458984,1000000.000000
NonSimdMul,4096,220.343012,1000000.000000
NonSimdMul,4096,220.271280,1000000.000000
NonSimdMul,4096,220.525310,1000000.000000
NonSimdMul,4096,220.122448,1000000.000000
NonSimdMul,4096,220.238189,1000000.000000
NonSimdMul,4096,220.216134,1000000.000000
SimdMulSum,8192,1372.031356,1000000.000000
SimdMulSum,8192,1750.814694,1000000.000000
SimdMulSum,8192,1838.456061,1000000.000000
SimdMulSum,8192,1837.687877,1000000.000000
SimdMulSum,8192,1839.994357,1000000.000000
SimdMulSum,8192,1835.961808,1000000.000000
SimdMulSum,8192,1836.536804,1000000.000000
SimdMulSum,8192,1833.092221,1000000.000000
SimdMulSum,8192,1832.137684,1000000.000000
SimdMulSum,8192,1830.041199,1000000.000000
SimdMulSum,8192,1831.946896,1000000.000000
SimdMulSum,8192,1838.456061,1000000.000000
SimdMulSum,8192,1838.456061,1000000.000000
SimdMulSum,8192,1835.578677,1000000.000000
SimdMulSum,8192,1837.304026,1000000.000000
SimdMulSum,8192,1838.071888,1000000.000000
SimdMulSum,8192,1837.687877,1000000.000000
SimdMulSum,8192,1838.071888,1000000.000000
SimdMulSum,8192,1838.456061,1000000.000000
SimdMulSum,8192,1839.224887,1000000.000000
SimdMulSum,8192,1839.224887,1000000.000000
SimdMulSum,8192,1837.495931,1000000.000000
SimdMulSum,8192,1835.578677,1000000.000000
SimdMulSum,8192,1838.840393,1000000.000000
SimdMulSum,8192,1838.648207,1000000.000000
NonSimdMulSum,8192,225.272253,1000000.000000
NonSimdMulSum,8192,225.662357,1000000.000000
NonSimdMulSum,8192,225.856467,1000000.000000
NonSimdMulSum,8192,225.812980,1000000.000000
NonSimdMulSum,8192,225.856467,1000000.000000
NonSimdMulSum,8192,225.792692,1000000.000000
NonSimdMulSum,8192,225.856467,1000000.000000
NonSimdMulSum,8192,225.853567,1000000.000000
NonSimdMulSum,8192,225.853567,1000000.000000
NonSimdMulSum,8192,225.856467,1000000.000000
NonSimdMulSum,8192,225.856467,1000000.000000
NonSimdMulSum,8192,225.836171,1000000.000000
NonSimdMulSum,8192,225.830373,1000000.000000
NonSimdMulSum,8192,225.830373,1000000.000000
NonSimdMulSum,8192,225.830373,1000000.000000
NonSimdMulSum,8192,225.836171,1000000.000000
NonSimdMulSum,8192,225.824575,1000000.000000
NonSimdMulSum,8192,225.836171,1000000.000000
NonSimdMulSum,8192,225.836171,1000000.000000
NonSimdMulSum,8192,225.830373,1000000.000000
NonSimdMulSum,8192,192.679168,1000000.000000
NonSimdMulSum,8192,225.650779,1000000.000000
NonSimdMulSum,8192,225.850668,1000000.000000
NonSimdMulSum,8192,225.830373,1000000.000000
NonSimdMulSum,8192,225.830373,1000000.000000
SimdMul,8192,1607.326272,1000000.000000
SimdMul,8192,1756.057701,1000000.000000
SimdMul,8192,1771.976838,1000000.000000
SimdMul,8192,1746.816209,1000000.000000
SimdMul,8192,1786.552863,1000000.000000
SimdMul,8192,1758.163706,1000000.000000
SimdMul,8192,1751.163253,1000000.000000
SimdMul,8192,1745.949389,1000000.000000
SimdMul,8192,1750.814694,1000000.000000
SimdMul,8192,1745.949389,1000000.000000
SimdMul,8192,1734.929590,1000000.000000
SimdMul,8192,1751.511952,1000000.000000
SimdMul,8192,1766.993375,1000000.000000
SimdMul,8192,1744.391279,1000000.000000
SimdMul,8192,1733.049556,1000000.000000
SimdMul,8192,1737.499856,1000000.000000
SimdMul,8192,1752.733491,1000000.000000
SimdMul,8192,1762.920738,1000000.000000
SimdMul,8192,1755.356819,1000000.000000
SimdMul,8192,1767.348407,1000000.000000
SimdMul,8192,1771.619944,1000000.000000
SimdMul,8192,1762.567483,1000000.000000
SimdMul,8192,1744.564265,1000000.000000
SimdMul,8192,1755.181687,1000000.000000
SimdMul,8192,1769.303635,1000000.000000
NonSimdMul,8192,219.984820,1000000.000000
NonSimdMul,8192,220.641474,1000000.000000
NonSimdMul,8192,220.624872,1000000.000000
NonSimdMul,8192,220.749452,1000000.000000
NonSimdMul,8192,220.730063,1000000.000000
NonSimdMul,8192,220.730063,1000000.000000
NonSimdMul,8192,220.730063,1000000.000000
NonSimdMul,8192,220.718986,1000000.000000
NonSimdMul,8192,220.718986,1000000.000000
NonSimdMul,8192,220.718986,1000000.000000
NonSimdMul,8192,220.588909,1000000.000000
NonSimdMul,8192,220.561252,1000000.000000
NonSimdMul,8192,220.608272,1000000.000000
NonSimdMul,8192,220.724524,1000000.000000
NonSimdMul,8192,220.453459,1000000.000000
NonSimdMul,8192,220.635940,1000000.000000
NonSimdMul,8192,220.525310,1000000.000000
NonSimdMul,8192,198.676252,1000000.000000
NonSimdMul,8192,220.691297,1000000.000000
NonSimdMul,8192,220.660847,1000000.000000
NonSimdMul,8192,220.635940,1000000.000000
NonSimdMul,8192,220.561252,1000000.000000
NonSimdMul,8192,220.439647,1000000.000000
NonSimdMul,8192,220.827039,1000000.000000
NonSimdMul,8192,220.619338,1000000.000000
SimdMulSum,16384,1536.569661,1000000.000000
SimdMulSum,16384,1771.619944,1000000.000000
SimdMulSum,16384,1826.526091,1000000.000000
SimdMulSum,16384,1837.399973,1000000.000000
SimdMulSum,16384,1834.717218,1000000.000000
SimdMulSum,16384,1837.399973,1000000.000000
SimdMulSum,16384,1832.901234,1000000.000000
SimdMulSum,16384,1839.898138,1000000.000000
SimdMulSum,16384,1835.961808,1000000.000000
SimdMulSum,16384,1841.342479,1000000.000000
SimdMulSum,16384,1840.475602,1000000.000000
SimdMulSum,16384,1839.705730,1000000.000000
SimdMulSum,16384,1840.090586,1000000.000000
SimdMulSum,16384,1842.113722,1000000.000000
SimdMulSum,16384,1848.307002,1000000.000000
SimdMulSum,16384,1842.982143,1000000.000000
SimdMulSum,16384,1839.705730,1000000.000000
SimdMulSum,16384,1839.705730,1000000.000000
SimdMulSum,16384,1837.399973,1000000.000000
SimdMulSum,16384,1842.789090,1000000.000000
SimdMulSum,16384,1841.920851,1000000.000000
SimdMulSum,16384,1839.417194,1000000.000000
SimdMulSum,16384,1841.342479,1000000.000000
SimdMulSum,16384,1838.840393,1000000.000000
SimdMulSum,16384,1844.044659,1000000.000000
NonSimdMulSum,16384,225.737644,1000000.000000
NonSimdMulSum,16384,225.884017,1000000.000000
NonSimdMulSum,16384,225.914475,1000000.000000
NonSimdMulSum,16384,225.920277,1000000.000000
NonSimdMulSum,16384,225.923178,1000000.000000
NonSimdMulSum,16384,219.007134,1000000.000000
NonSimdMulSum,16384,201.299716,1000000.000000
NonSimdMulSum,16384,195.744952,1000000.000000
NonSimdMulSum,16384,225.827474,1000000.000000
NonSimdMulSum,16384,225.908672,1000000.000000
NonSimdMulSum,16384,225.920277,1000000.000000
NonSimdMulSum,16384,213.056552,1000000.000000
NonSimdMulSum,16384,225.562535,1000000.000000
NonSimdMulSum,16384,225.902871,1000000.000000
NonSimdMulSum,16384,225.927530,1000000.000000
NonSimdMulSum,16384,225.918826,1000000.000000
NonSimdMulSum,16384,225.920277,1000000.000000
NonSimdMulSum,16384,225.917376,1000000.000000
NonSimdMulSum,16384,225.914475,1000000.000000
NonSimdMulSum,16384,225.927530,1000000.000000
NonSimdMulSum,16384,210.334725,1000000.000000
NonSimdMulSum,16384,225.783999,1000000.000000
NonSimdMulSum,16384,225.911573,1000000.000000
NonSimdMulSum,16384,225.917376,1000000.000000
NonSimdMulSum,16384,225.924629,1000000.000000
SimdMul,16384,1633.670989,1000000.000000
SimdMul,16384,1691.475030,1000000.000000
SimdMul,16384,1702.195070,1000000.000000
SimdMul,16384,1703.266306,1000000.000000
SimdMul,16384,1707.564770,1000000.000000
SimdMul,16384,1711.801697,1000000.000000
SimdMul,16384,1708.642778,1000000.000000
SimdMul,16384,1704.173791,1000000.000000
SimdMul,16384,1711.135692,1000000.000000
SimdMul,16384,1702.606924,1000000.000000
SimdMul,16384,1702.442158,1000000.000000
SimdMul,16384,1713.969802,1000000.000000
SimdMul,16384,1698.497325,1000000.000000
SimdMul,16384,1700.631838,1000000.000000
SimdMul,16384,1702.524537,1000000.000000
SimdMul,16384,1705.743544,1000000.000000
SimdMul,16384,1703.348765,1000000.000000
SimdMul,16384,1714.554461,1000000.000000
SimdMul,16384,1700.796253,1000000.000000
SimdMul,16384,1700.303102,1000000.000000
SimdMul,16384,1700.960700,1000000.000000
SimdMul,16384,1715.724976,1000000.000000
SimdMul,16384,1711.468630,1000000.000000
SimdMul,16384,1695.877577,1000000.000000
SimdMul,16384,1700.714041,1000000.000000
NonSimdMul,16384,221.368894,1000000.000000
NonSimdMul,16384,221.251963,1000000.000000
NonSimdMul,16384,221.354968,1000000.000000
NonSimdMul,16384,221.451099,1000000.000000
NonSimdMul,16384,211.710454,1000000.000000
NonSimdMul,16384,221.469220,1000000.000000
NonSimdMul,16384,221.324334,1000000.000000
NonSimdMul,16384,221.307629,1000000.000000
NonSimdMul,16384,221.345220,1000000.000000
NonSimdMul,16384,221.417653,1000000.000000
NonSimdMul,16384,221.310413,1000000.000000
NonSimdMul,16384,221.336865,1000000.000000
NonSimdMul,16384,221.384216,1000000.000000
NonSimdMul,16384,221.085131,1000000.000000
NonSimdMul,16384,221.076796,1000000.000000
NonSimdMul,16384,221.417653,1000000.000000
NonSimdMul,16384,221.228313,1000000.000000
NonSimdMul,16384,221.261702,1000000.000000
NonSimdMul,16384,210.718931,1000000.000000
NonSimdMul,16384,221.561266,1000000.000000
NonSimdMul,16384,221.318766,1000000.000000
NonSimdMul,16384,221.428800,1000000.000000
NonSimdMul,16384,221.412079,1000000.000000
NonSimdMul,16384,221.132374,1000000.000000
NonSimdMul,16384,221.261702,1000000.000000
SimdMulSum,32768,1631.474176,1000000.000000
SimdMulSum,32768,1779.910059,1000000.000000
SimdMulSum,32768,1783.971205,1000000.000000
SimdMulSum,32768,1789.323980,1000000.000000
SimdMulSum,32768,1803.448171,1000000.000000
SimdMulSum,32768,1795.899859,1000000.000000
SimdMulSum,32768,1799.435999,1000000.000000
SimdMulSum,32768,1799.574053,1000000.000000
SimdMulSum,32768,1798.746049,1000000.000000
SimdMulSum,32768,1803.124691,1000000.000000
SimdMulSum,32768,1799.343975,1000000.000000
SimdMulSum,32768,1805.113618,1000000.000000
SimdMulSum,32768,1800.863575,1000000.000000
SimdMulSum,32768,1277.550229,1000000.000000
SimdMulSum,32768,1780.090162,1000000.000000
SimdMulSum,32768,1790.507727,1000000.000000
SimdMulSum,32768,1801.324566,1000000.000000
SimdMulSum,32768,1785.419638,1000000.000000
SimdMulSum,32768,1792.194992,1000000.000000
SimdMulSum,32768,1804.002978,1000000.000000
SimdMulSum,32768,1804.373040,1000000.000000
SimdMulSum,32768,1801.924208,1000000.000000
SimdMulSum,32768,1802.108794,1000000.000000
SimdMulSum,32768,1803.633069,1000000.000000
SimdMulSum,32768,1801.140141,1000000.000000
NonSimdMulSum,32768,225.774581,1000000.000000
NonSimdMulSum,32768,225.755749,1000000.000000
NonSimdMulSum,32768,225.861541,1000000.000000
NonSimdMulSum,32768,225.736919,1000000.000000
NonSimdMulSum,32768,225.858641,1000000.000000
NonSimdMulSum,32768,215.847098,1000000.000000
NonSimdMulSum,32768,225.749231,1000000.000000
NonSimdMulSum,32768,225.755749,1000000.000000
NonSimdMulSum,32768,225.750679,1000000.000000
NonSimdMulSum,32768,225.770235,1000000.000000
NonSimdMulSum,32768,200.854422,1000000.000000
NonSimdMulSum,32768,217.658403,1000000.000000
NonSimdMulSum,32768,219.009179,1000000.000000
NonSimdMulSum,32768,225.625456,1000000.000000
NonSimdMulSum,32768,225.744885,1000000.000000
NonSimdMulSum,32768,225.812256,1000000.000000
NonSimdMulSum,32768,225.757197,1000000.000000
NonSimdMulSum,32768,225.765165,1000000.000000
NonSimdMulSum,32768,216.636530,1000000.000000
NonSimdMulSum,32768,225.755749,1000000.000000
NonSimdMulSum,32768,225.777479,1000000.000000
NonSimdMulSum,32768,225.838345,1000000.000000
NonSimdMulSum,32768,225.847768,1000000.000000
NonSimdMulSum,32768,225.796315,1000000.000000
NonSimdMulSum,32768,225.841245,1000000.000000
SimdMul,32768,1455.403189,1000000.000000
SimdMul,32768,1131.366671,1000000.000000
SimdMul,32768,1287.790644,1000000.000000
SimdMul,32768,1369.041716,1000000.000000
SimdMul,32768,1408.952911,1000000.000000
SimdMul,32768,1419.640578,1000000.000000
SimdMul,32768,1432.850974,1000000.000000
SimdMul,32768,1417.410147,1000000.000000
SimdMul,32768,1429.358416,1000000.000000
SimdMul,32768,1420.184952,1000000.000000
SimdMul,32768,1416.867898,1000000.000000
SimdMul,32768,1421.246247,1000000.000000
SimdMul,32768,1421.303659,1000000.000000
SimdMul,32768,1449.646578,1000000.000000
SimdMul,32768,1457.392597,1000000.000000
SimdMul,32768,1418.810496,1000000.000000
SimdMul,32768,1416.810844,1000000.000000
SimdMul,32768,1427.966156,1000000.000000
SimdMul,32768,1413.623098,1000000.000000
SimdMul,32768,1426.489848,1000000.000000
SimdMul,32768,1426.750151,1000000.000000
SimdMul,32768,1434.603661,1000000.000000
SimdMul,32768,1433.113604,1000000.000000
SimdMul,32768,1426.894804,1000000.000000
SimdMul,32768,1427.589552,1000000.000000
NonSimdMul,32768,221.089993,1000000.000000
NonSimdMul,32768,221.020551,1000000.000000
NonSimdMul,32768,211.442002,1000000.000000
NonSimdMul,32768,220.965029,1000000.000000
NonSimdMul,32768,221.151138,1000000.000000
NonSimdMul,32768,221.227617,1000000.000000
NonSimdMul,32768,221.071934,1000000.000000
NonSimdMul,32768,220.987235,1000000.000000
NonSimdMul,32768,220.984459,1000000.000000
NonSimdMul,32768,209.188601,1000000.000000
NonSimdMul,32768,220.935198,1000000.000000
NonSimdMul,32768,221.089993,1000000.000000
NonSimdMul,32768,221.115698,1000000.000000
NonSimdMul,32768,221.105276,1000000.000000
NonSimdMul,32768,220.899826,1000000.000000
NonSimdMul,32768,221.121256,1000000.000000
NonSimdMul,32768,212.234684,1000000.000000
NonSimdMul,32768,221.353575,1000000.000000
NonSimdMul,32768,220.861000,1000000.000000
NonSimdMul,32768,220.899826,1000000.000000
NonSimdMul,32768,221.190066,1000000.000000
NonSimdMul,32768,221.162259,1000000.000000
NonSimdMul,32768,213.402874,1000000.000000
NonSimdMul,32768,220.811794,1000000.000000
NonSimdMul,32768,221.101803,1000000.000000
SimdMulSum,65536,1698.702334,1000000.000000
SimdMulSum,65536,1775.508899,1000000.000000
SimdMulSum,65536,1788.414471,1000000.000000
SimdMulSum,65536,1796.243677,1000000.000000
SimdMulSum,65536,1532.670714,1000000.000000
SimdMulSum,65536,1788.687226,1000000.000000
SimdMulSum,65536,1803.794886,1000000.000000
SimdMulSum,65536,1795.601990,1000000.000000
SimdMulSum,65536,1797.138221,1000000.000000
SimdMulSum,65536,1797.046432,1000000.000000
SimdMulSum,65536,1796.587627,1000000.000000
SimdMulSum,65536,1796.335384,1000000.000000
SimdMulSum,65536,1795.854027,1000000.000000
SimdMulSum,65536,1797.482513,1000000.000000
SimdMulSum,65536,1795.350024,1000000.000000
SimdMulSum,65536,1806.782144,1000000.000000
SimdMulSum,65536,1796.839941,1000000.000000
SimdMulSum,65536,1796.702306,1000000.000000
SimdMulSum,65536,1795.899859,1000000.000000
SimdMulSum,65536,1795.350024,1000000.000000
SimdMulSum,65536,1794.228488,1000000.000000
SimdMulSum,65536,1794.914976,1000000.000000
SimdMulSum,65536,1796.014450,1000000.000000
SimdMulSum,65536,1797.574347,1000000.000000
SimdMulSum,65536,1797.184119,1000000.000000
NonSimdMulSum,65536,220.263696,1000000.000000
NonSimdMulSum,65536,225.747782,1000000.000000
NonSimdMulSum,65536,225.738730,1000000.000000
NonSimdMulSum,65536,225.744161,1000000.000000
NonSimdMulSum,65536,221.115003,1000000.000000
NonSimdMulSum,65536,225.709767,1000000.000000
NonSimdMulSum,65536,225.723162,1000000.000000
NonSimdMulSum,65536,221.772491,1000000.000000
NonSimdMulSum,65536,225.723162,1000000.000000
NonSimdMulSum,65536,225.702166,1000000.000000
NonSimdMulSum,65536,220.805558,1000000.000000
NonSimdMulSum,65536,220.775770,1000000.000000
NonSimdMulSum,65536,225.699632,1000000.000000
NonSimdMulSum,65536,225.733299,1000000.000000
NonSimdMulSum,65536,220.106268,1000000.000000
NonSimdMulSum,65536,225.731851,1000000.000000
NonSimdMulSum,65536,225.723162,1000000.000000
NonSimdMulSum,65536,222.653840,1000000.000000
NonSimdMulSum,65536,225.705786,1000000.000000
NonSimdMulSum,65536,225.695289,1000000.000000
NonSimdMulSum,65536,225.700718,1000000.000000
NonSimdMulSum,65536,222.149156,1000000.000000
NonSimdMulSum,65536,225.736557,1000000.000000
NonSimdMulSum,65536,225.734747,1000000.000000
NonSimdMulSum,65536,223.151622,1000000.000000
SimdMul,65536,1359.953312,1000000.000000
SimdMul,65536,1351.724390,1000000.000000
SimdMul,65536,1364.819802,1000000.000000
SimdMul,65536,1354.130473,1000000.000000
SimdMul,65536,1368.668926,1000000.000000
SimdMul,65536,1348.654468,1000000.000000
SimdMul,65536,1343.645765,1000000.000000
SimdMul,65536,1343.915207,1000000.000000
SimdMul,65536,1357.094531,1000000.000000
SimdMul,65536,1350.479195,1000000.000000
SimdMul,65536,1357.408670,1000000.000000
SimdMul,65536,1358.784741,1000000.000000
SimdMul,65536,1355.878614,1000000.000000
SimdMul,65536,1360.939624,1000000.000000
SimdMul,65536,1356.296748,1000000.000000
SimdMul,65536,1368.642306,1000000.000000
SimdMul,65536,1354.208652,1000000.000000
SimdMul,65536,1250.399705,1000000.000000
SimdMul,65536,1353.687632,1000000.000000
SimdMul,65536,1351.594575,1000000.000000
SimdMul,65536,1356.205259,1000000.000000
SimdMul,65536,1353.349184,1000000.000000
SimdMul,65536,1355.917803,1000000.000000
SimdMul,65536,1353.935066,1000000.000000
SimdMul,65536,1355.473792,1000000.000000
NonSimdMul,65536,221.386654,1000000.000000
NonSimdMul,65536,221.407551,1000000.000000
NonSimdMul,65536,218.952619,1000000.000000
NonSimdMul,65536,221.285707,1000000.000000
NonSimdMul,65536,221.277705,1000000.000000
NonSimdMul,65536,218.455739,1000000.000000
NonSimdMul,65536,221.338954,1000000.000000
NonSimdMul,65536,221.042421,1000000.000000
NonSimdMul,65536,218.486940,1000000.000000
NonSimdMul,65536,221.256137,1000000.000000
NonSimdMul,65536,221.432284,1000000.000000
NonSimdMul,65536,221.337909,1000000.000000
NonSimdMul,65536,218.572788,1000000.000000
NonSimdMul,65536,221.155656,1000000.000000
NonSimdMul,65536,221.326075,1000000.000000
NonSimdMul,65536,218.743668,1000000.000000
NonSimdMul,65536,221.289534,1000000.000000
NonSimdMul,65536,221.335125,1000000.000000
NonSimdMul,65536,218.277522,1000000.000000
NonSimdMul,65536,221.439252,1000000.000000
NonSimdMul,65536,221.197019,1000000.000000
NonSimdMul,65536,221.270747,1000000.000000
NonSimdMul,65536,218.093512,1000000.000000
NonSimdMul,65536,221.207450,1000000.000000
NonSimdMul,65536,221.309717,1000000.000000
SimdMulSum,131072,1738.884524,1000000.000000
SimdMulSum,131072,1789.892894,1000000.000000
SimdMulSum,131072,1797.574347,1000000.000000
SimdMulSum,131072,1801.901138,1000000.000000
SimdMulSum,131072,1804.211119,1000000.000000
SimdMulSum,131072,1803.910487,1000000.000000
SimdMulSum,131072,1799.827206,1000000.000000
SimdMulSum,131072,1624.919045,1000000.000000
SimdMulSum,131072,1794.274237,1000000.000000
SimdMulSum,131072,1798.792029,1000000.000000
SimdMulSum,131072,1801.658933,1000000.000000
SimdMulSum,131072,1801.428322,1000000.000000
SimdMulSum,131072,1807.164950,1000000.000000
SimdMulSum,131072,1802.616599,1000000.000000
SimdMulSum,131072,1801.301511,1000000.000000
SimdMulSum,131072,1429.888478,1000000.000000
SimdMulSum,131072,1795.109577,1000000.000000
SimdMulSum,131072,1799.102457,1000000.000000
SimdMulSum,131072,1724.586747,1000000.000000
SimdMulSum,131072,1800.736843,1000000.000000
SimdMulSum,131072,1686.337218,1000000.000000
SimdMulSum,131072,1805.044163,1000000.000000
SimdMulSum,131072,1809.569887,1000000.000000
SimdMulSum,131072,1802.293417,1000000.000000
SimdMulSum,131072,1800.264638,1000000.000000
NonSimdMulSum,131072,225.743256,1000000.000000
NonSimdMulSum,131072,224.403903,1000000.000000
NonSimdMulSum,131072,224.442911,1000000.000000
NonSimdMulSum,131072,225.753033,1000000.000000
NonSimdMulSum,131072,224.416785,1000000.000000
NonSimdMulSum,131072,225.742894,1000000.000000
NonSimdMulSum,131072,223.712072,1000000.000000
NonSimdMulSum,131072,224.250151,1000000.000000
NonSimdMulSum,131072,225.731126,1000000.000000
NonSimdMulSum,131072,218.458452,1000000.000000
NonSimdMulSum,131072,225.698546,1000000.000000
NonSimdMulSum,131072,224.294288,1000000.000000
NonSimdMulSum,131072,225.730945,1000000.000000
NonSimdMulSum,131072,224.097501,1000000.000000
NonSimdMulSum,131072,224.397284,1000000.000000
NonSimdMulSum,131072,225.745610,1000000.000000
NonSimdMulSum,131072,224.409270,1000000.000000
NonSimdMulSum,131072,225.750860,1000000.000000
NonSimdMulSum,131072,224.220676,1000000.000000
NonSimdMulSum,131072,224.493212,1000000.000000
NonSimdMulSum,131072,225.753395,1000000.000000
NonSimdMulSum,131072,224.216032,1000000.000000
NonSimdMulSum,131072,225.728230,1000000.000000
NonSimdMulSum,131072,224.276774,1000000.000000
NonSimdMulSum,131072,224.217639,1000000.000000
SimdMul,131072,1383.679374,1000000.000000
SimdMul,131072,1364.356716,1000000.000000
SimdMul,131072,1365.005124,1000000.000000
SimdMul,131072,1364.720543,1000000.000000
SimdMul,131072,1358.961867,1000000.000000
SimdMul,131072,1361.756056,1000000.000000
SimdMul,131072,1367.232925,1000000.000000
SimdMul,131072,1365.342805,1000000.000000
SimdMul,131072,1366.078335,1000000.000000
SimdMul,131072,1365.018364,1000000.000000
SimdMul,131072,1305.070414,1000000.000000
SimdMul,131072,1367.824245,1000000.000000
SimdMul,131072,1367.252849,1000000.000000
SimdMul,131072,1359.821911,1000000.000000
SimdMul,131072,1359.598589,1000000.000000
SimdMul,131072,1362.566872,1000000.000000
SimdMul,131072,1357.061817,1000000.000000
SimdMul,131072,1369.827901,1000000.000000
SimdMul,131072,1364.237688,1000000.000000
SimdMul,131072,1364.932313,1000000.000000
SimdMul,131072,1301.016763,1000000.000000
SimdMul,131072,1364.270749,1000000.000000
SimdMul,131072,1364.965408,1000000.000000
SimdMul,131072,1360.459440,1000000.000000
SimdMul,131072,1358.896259,1000000.000000
NonSimdMul,131072,219.216589,1000000.000000
NonSimdMul,131072,220.546044,1000000.000000
NonSimdMul,131072,219.049061,1000000.000000
NonSimdMul,131072,220.702026,1000000.000000
NonSimdMul,131072,219.049231,1000000.000000
NonSimdMul,131072,219.337190,1000000.000000
NonSimdMul,131072,220.424629,1000000.000000
NonSimdMul,131072,219.261670,1000000.000000
NonSimdMul,131072,220.622797,1000000.000000
NonSimdMul,131072,219.332917,1000000.000000
NonSimdMul,131072,219.121022,1000000.000000
NonSimdMul,131072,220.633865,1000000.000000
NonSimdMul,131072,219.277727,1000000.000000
NonSimdMul,131072,220.684203,1000000.000000
NonSimdMul,131072,219.160945,1000000.000000
NonSimdMul,131072,219.451593,1000000.000000
NonSimdMul,131072,220.516498,1000000.000000
NonSimdMul,131072,218.977829,1000000.000000
NonSimdMul,131072,220.611211,1000000.000000
NonSimdMul,131072,219.273456,1000000.000000
NonSimdMul,131072,219.323688,1000000.000000
NonSimdMul,131072,220.594268,1000000.000000
NonSimdMul,131072,219.438932,1000000.000000
NonSimdMul,131072,220.628331,1000000.000000
NonSimdMul,131072,219.213686,1000000.000000
SimdMulSum,262144,1552.545666,1000000.000000
SimdMulSum,262144,1781.509745,1000000.000000
SimdMulSum,262144,1795.470271,1000000.000000
SimdMulSum,262144,1711.042076,1000000.000000
SimdMulSum,262144,1795.201168,1000000.000000
SimdMulSum,262144,1797.585827,1000000.000000
SimdMulSum,262144,1797.448078,1000000.000000
SimdMulSum,262144,1794.766192,1000000.000000
SimdMulSum,262144,1487.172861,1000000.000000
SimdMulSum,262144,1691.347981,1000000.000000
SimdMulSum,262144,1790.678589,1000000.000000
SimdMulSum,262144,1794.806247,1000000.000000
SimdMulSum,262144,1798.079600,1000000.000000
SimdMulSum,262144,1795.269867,1000000.000000
SimdMulSum,262144,1798.516183,1000000.000000
SimdMulSum,262144,1797.413644,1000000.000000
SimdMulSum,262144,1737.918244,1000000.000000
SimdMulSum,262144,1794.337147,1000000.000000
SimdMulSum,262144,1795.750912,1000000.000000
SimdMulSum,262144,1797.476774,1000000.000000
SimdMulSum,262144,1796.306725,1000000.000000
SimdMulSum,262144,1796.392706,1000000.000000
SimdMulSum,262144,1795.052337,1000000.000000
SimdMulSum,262144,1747.060158,1000000.000000
SimdMulSum,262144,1795.424461,1000000.000000
NonSimdMulSum,262144,224.863643,1000000.000000
NonSimdMulSum,262144,224.836252,1000000.000000
NonSimdMulSum,262144,224.017955,1000000.000000
NonSimdMulSum,262144,224.189334,1000000.000000
NonSimdMulSum,262144,219.149001,1000000.000000
NonSimdMulSum,262144,224.524818,1000000.000000
NonSimdMulSum,262144,224.722177,1000000.000000
NonSimdMulSum,262144,224.796209,1000000.000000
NonSimdMulSum,262144,219.732205,1000000.000000
NonSimdMulSum,262144,220.832410,1000000.000000
NonSimdMulSum,262144,224.039976,1000000.000000
NonSimdMulSum,262144,224.220497,1000000.000000
NonSimdMulSum,262144,224.069493,1000000.000000
NonSimdMulSum,262144,223.843279,1000000.000000
NonSimdMulSum,262144,224.232554,1000000.000000
NonSimdMulSum,262144,223.245868,1000000.000000
NonSimdMulSum,262144,224.082693,1000000.000000
NonSimdMulSum,262144,224.300633,1000000.000000
NonSimdMulSum,262144,224.637347,1000000.000000
NonSimdMulSum,262144,224.806623,1000000.000000
NonSimdMulSum,262144,224.919794,1000000.000000
NonSimdMulSum,262144,224.068869,1000000.000000
NonSimdMulSum,262144,224.778437,1000000.000000
NonSimdMulSum,262144,224.906675,1000000.000000
NonSimdMulSum,262144,220.000122,1000000.000000
SimdMul,262144,1312.381434,1000000.000000
SimdMul,262144,1231.802932,1000000.000000
SimdMul,262144,1311.329810,1000000.000000
SimdMul,262144,1311.137399,1000000.000000
SimdMul,262144,1310.432373,1000000.000000
SimdMul,262144,1309.587951,1000000.000000
SimdMul,262144,1274.250725,1000000.000000
SimdMul,262144,1329.976879,1000000.000000
SimdMul,262144,1332.643564,1000000.000000
SimdMul,262144,1338.492703,1000000.000000
SimdMul,262144,1331.600176,1000000.000000
SimdMul,262144,1302.488723,1000000.000000
SimdMul,262144,1338.419510,1000000.000000
SimdMul,262144,1337.284462,1000000.000000
SimdMul,262144,1339.559675,1000000.000000
SimdMul,262144,1333.887677,1000000.000000
SimdMul,262144,1303.453773,1000000.000000
SimdMul,262144,1335.485689,1000000.000000
SimdMul,262144,1336.106939,1000000.000000
SimdMul,262144,1336.379711,1000000.000000
SimdMul,262144,1335.561729,1000000.000000
SimdMul,262144,1306.312052,1000000.000000
SimdMul,262144,1337.722992,1000000.000000
SimdMul,262144,1338.651844,1000000.000000
SimdMul,262144,1336.985917,1000000.000000
NonSimdMul,262144,219.039430,1000000.000000
NonSimdMul,262144,212.779450,1000000.000000
NonSimdMul,262144,211.885601,1000000.000000
NonSimdMul,262144,217.949549,1000000.000000
NonSimdMul,262144,218.257635,1000000.000000
NonSimdMul,262144,218.525445,1000000.000000
NonSimdMul,262144,217.076682,1000000.000000
NonSimdMul,262144,218.460741,1000000.000000
NonSimdMul,262144,218.571006,1000000.000000
NonSimdMul,262144,217.626345,1000000.000000
NonSimdMul,262144,218.611153,1000000.000000
NonSimdMul,262144,217.545946,1000000.000000
NonSimdMul,262144,218.570073,1000000.000000
NonSimdMul,262144,217.879367,1000000.000000
NonSimdMul,262144,214.316778,1000000.000000
NonSimdMul,262144,218.835247,1000000.000000
NonSimdMul,262144,218.536218,1000000.000000
NonSimdMul,262144,217.916055,1000000.000000
NonSimdMul,262144,218.150813,1000000.000000
NonSimdMul,262144,219.080091,1000000.000000
NonSimdMul,262144,218.571176,1000000.000000
NonSimdMul,262144,218.472780,1000000.000000
NonSimdMul,262144,219.096717,1000000.000000
NonSimdMul,262144,219.033635,1000000.000000
NonSimdMul,262144,214.515719,1000000.000000
SimdMulSum,524288,1154.479035,1000000.000000
SimdMulSum,524288,1753.495087,1000000.000000
SimdMulSum,524288,1800.958635,1000000.000000
SimdMulSum,524288,1801.800211,1000000.000000
SimdMulSum,524288,1774.979871,1000000.000000
SimdMulSum,524288,1799.821451,1000000.000000
SimdMulSum,524288,1801.436969,1000000.000000
SimdMulSum,524288,1801.001847,1000000.000000
SimdMulSum,524288,1760.016112,1000000.000000
SimdMulSum,524288,1795.561900,1000000.000000
SimdMulSum,524288,1804.361473,1000000.000000
SimdMulSum,524288,1769.893273,1000000.000000
SimdMulSum,524288,1798.116931,1000000.000000
SimdMulSum,524288,1797.852775,1000000.000000
SimdMulSum,524288,1798.389782,1000000.000000
SimdMulSum,524288,1770.405353,1000000.000000
SimdMulSum,524288,1797.402167,1000000.000000
SimdMulSum,524288,1792.999842,1000000.000000
SimdMulSum,524288,1768.442135,1000000.000000
SimdMulSum,524288,1797.037827,1000000.000000
SimdMulSum,524288,1798.438617,1000000.000000
SimdMulSum,524288,1772.808288,1000000.000000
SimdMulSum,524288,1795.493178,1000000.000000
SimdMulSum,524288,1791.886943,1000000.000000
SimdMulSum,524288,1793.254005,1000000.000000
NonSimdMulSum,524288,224.454858,1000000.000000
NonSimdMulSum,524288,224.774174,1000000.000000
NonSimdMulSum,524288,224.507939,1000000.000000
NonSimdMulSum,524288,224.486005,1000000.000000
NonSimdMulSum,524288,224.637616,1000000.000000
NonSimdMulSum,524288,224.652721,1000000.000000
NonSimdMulSum,524288,224.591910,1000000.000000
NonSimdMulSum,524288,224.848106,1000000.000000
NonSimdMulSum,524288,224.637213,1000000.000000
NonSimdMulSum,524288,224.079215,1000000.000000
NonSimdMulSum,524288,224.736980,1000000.000000
NonSimdMulSum,524288,224.784316,1000000.000000
NonSimdMulSum,524288,224.531131,1000000.000000
NonSimdMulSum,524288,224.866607,1000000.000000
NonSimdMulSum,524288,224.806533,1000000.000000
NonSimdMulSum,524288,224.618256,1000000.000000
NonSimdMulSum,524288,224.913998,1000000.000000
NonSimdMulSum,524288,224.824668,1000000.000000
NonSimdMulSum,524288,224.522579,1000000.000000
NonSimdMulSum,524288,224.573050,1000000.000000
NonSimdMulSum,524288,224.854976,1000000.000000
NonSimdMulSum,524288,224.955970,1000000.000000
NonSimdMulSum,524288,224.926939,1000000.000000
NonSimdMulSum,524288,224.485155,1000000.000000
NonSimdMulSum,524288,217.346215,1000000.000000
SimdMul,524288,1215.323403,1000000.000000
SimdMul,524288,1330.534834,1000000.000000
SimdMul,524288,1362.342647,1000000.000000
SimdMul,524288,1338.335190,1000000.000000
SimdMul,524288,1361.436609,1000000.000000
SimdMul,524288,1358.057042,1000000.000000
SimdMul,524288,1328.562873,1000000.000000
SimdMul,524288,1360.814612,1000000.000000
SimdMul,524288,1361.476120,1000000.000000
SimdMul,524288,1337.165346,1000000.000000
SimdMul,524288,1361.313151,1000000.000000
SimdMul,524288,1341.005184,1000000.000000
SimdMul,524288,1362.650975,1000000.000000
SimdMul,524288,1360.730735,1000000.000000
SimdMul,524288,1334.904582,1000000.000000
SimdMul,524288,1362.781273,1000000.000000
SimdMul,524288,1334.120021,1000000.000000
SimdMul,524288,1363.642857,1000000.000000
SimdMul,524288,1362.711998,1000000.000000
SimdMul,524288,1338.158628,1000000.000000
SimdMul,524288,1352.414451,1000000.000000
SimdMul,524288,1330.129288,1000000.000000
SimdMul,524288,1361.398746,1000000.000000
SimdMul,524288,1362.392102,1000000.000000
SimdMul,524288,1345.096897,1000000.000000
NonSimdMul,524288,220.242368,1000000.000000
NonSimdMul,524288,219.366078,1000000.000000
NonSimdMul,524288,219.429823,1000000.000000
NonSimdMul,524288,216.933807,1000000.000000
NonSimdMul,524288,218.391076,1000000.000000
NonSimdMul,524288,219.526986,1000000.000000
NonSimdMul,524288,218.915496,1000000.000000
NonSimdMul,524288,219.483378,1000000.000000
NonSimdMul,524288,219.623035,1000000.000000
NonSimdMul,524288,214.785809,1000000.000000
NonSimdMul,524288,146.605674,1000000.000000
NonSimdMul,524288,123.040443,1000000.000000
NonSimdMul,524288,129.392931,1000000.000000
NonSimdMul,524288,127.406053,1000000.000000
NonSimdMul,524288,127.121317,1000000.000000
NonSimdMul,524288,127.859031,1000000.000000
NonSimdMul,524288,128.567072,1000000.000000
NonSimdMul,524288,129.218736,1000000.000000
NonSimdMul,524288,129.656180,1000000.000000
NonSimdMul,524288,130.019614,1000000.000000
NonSimdMul,524288,177.356480,1000000.000000
NonSimdMul,524288,219.621450,1000000.000000
NonSimdMul,524288,220.410950,1000000.000000
NonSimdMul,524288,220.074732,1000000.000000
NonSimdMul,524288,219.304208,1000000.000000
SimdMulSum,1048576,1240.737618,1000000.000000
SimdMulSum,1048576,1587.245513,1000000.000000
SimdMulSum,1048576,1628.537385,1000000.000000
SimdMulSum,1048576,1691.895695,1000000.000000
SimdMulSum,1048576,1675.686921,1000000.000000
SimdMulSum,1048576,1676.791216,1000000.000000
SimdMulSum,1048576,1701.915894,1000000.000000
SimdMulSum,1048576,1686.313224,1000000.000000
SimdMulSum,1048576,1691.468677,1000000.000000
SimdMulSum,1048576,1700.075886,1000000.000000
SimdMulSum,1048576,1675.381469,1000000.000000
SimdMulSum,1048576,1691.110452,1000000.000000
SimdMulSum,1048576,1686.030396,1000000.000000
SimdMulSum,1048576,1702.179629,1000000.000000
SimdMulSum,1048576,1723.611220,1000000.000000
SimdMulSum,1048576,1697.699544,1000000.000000
SimdMulSum,1048576,1703.728951,1000000.000000
SimdMulSum,1048576,1698.640826,1000000.000000
SimdMulSum,1048576,1709.289977,1000000.000000
SimdMulSum,1048576,1728.128493,1000000.000000
SimdMulSum,1048576,1695.026112,1000000.000000
SimdMulSum,1048576,1703.134904,1000000.000000
SimdMulSum,1048576,1614.320709,1000000.000000
SimdMulSum,1048576,1589.030911,1000000.000000
SimdMulSum,1048576,1658.593792,1000000.000000
NonSimdMulSum,1048576,223.620808,1000000.000000
NonSimdMulSum,1048576,223.670008,1000000.000000
NonSimdMulSum,1048576,222.934540,1000000.000000
NonSimdMulSum,1048576,222.344159,1000000.000000
NonSimdMulSum,1048576,222.432649,1000000.000000
NonSimdMulSum,1048576,223.633822,1000000.000000
NonSimdMulSum,1048576,223.851000,1000000.000000
NonSimdMulSum,1048576,223.435110,1000000.000000
NonSimdMulSum,1048576,222.695523,1000000.000000
NonSimdMulSum,1048576,223.395432,1000000.000000
NonSimdMulSum,1048576,223.635621,1000000.000000
NonSimdMulSum,1048576,223.609349,1000000.000000
NonSimdMulSum,1048576,222.840336,1000000.000000
NonSimdMulSum,1048576,223.657433,1000000.000000
NonSimdMulSum,1048576,222.335115,1000000.000000
NonSimdMulSum,1048576,217.848571,1000000.000000
NonSimdMulSum,1048576,218.898109,1000000.000000
NonSimdMulSum,1048576,219.347830,1000000.000000
NonSimdMulSum,1048576,219.076147,1000000.000000
NonSimdMulSum,1048576,219.535782,1000000.000000
NonSimdMulSum,1048576,219.462222,1000000.000000
NonSimdMulSum,1048576,220.404607,1000000.000000
NonSimdMulSum,1048576,220.223715,1000000.000000
NonSimdMulSum,1048576,219.312046,1000000.000000
NonSimdMulSum,1048576,219.803671,1000000.000000
SimdMul,1048576,649.333369,1000000.000000
SimdMul,1048576,608.029077,1000000.000000
SimdMul,1048576,596.783869,1000000.000000
SimdMul,1048576,617.316391,1000000.000000
SimdMul,1048576,622.020951,1000000.000000
SimdMul,1048576,626.152016,1000000.000000
SimdMul,1048576,620.511039,1000000.000000
SimdMul,1048576,639.001880,1000000.000000
SimdMul,1048576,607.618741,1000000.000000
SimdMul,1048576,621.722809,1000000.000000
SimdMul,1048576,624.958144,1000000.000000
SimdMul,1048576,657.847978,1000000.000000
SimdMul,1048576,652.846604,1000000.000000
SimdMul,1048576,666.770841,1000000.000000
SimdMul,1048576,658.782365,1000000.000000
SimdMul,1048576,633.528158,1000000.000000
SimdMul,1048576,630.188375,1000000.000000
SimdMul,1048576,642.129314,1000000.000000
SimdMul,1048576,640.168885,1000000.000000
SimdMul,1048576,629.970111,1000000.000000
SimdMul,1048576,643.080703,1000000.000000
SimdMul,1048576,622.465773,1000000.000000
SimdMul,1048576,635.095357,1000000.000000
SimdMul,1048576,638.849779,1000000.000000
SimdMul,1048576,653.757528,1000000.000000
NonSimdMul,1048576,211.124831,1000000.000000
NonSimdMul,1048576,208.988377,1000000.000000
NonSimdMul,1048576,209.076531,1000000.000000
NonSimdMul,1048576,209.934281,1000000.000000
NonSimdMul,1048576,209.782277,1000000.000000
NonSimdMul,1048576,209.811284,1000000.000000
NonSimdMul,1048576,210.272718,1000000.000000
NonSimdMul,1048576,209.781671,1000000.000000
NonSimdMul,1048576,209.613496,1000000.000000
NonSimdMul,1048576,209.558661,1000000.000000
NonSimdMul,1048576,209.614335,1000000.000000
NonSimdMul,1048576,209.665217,1000000.000000
NonSimdMul,1048576,209.441305,1000000.000000
NonSimdMul,1048576,210.029405,1000000.000000
NonSimdMul,1048576,209.591996,1000000.000000
NonSimdMul,1048576,209.275892,1000000.000000
NonSimdMul,1048576,209.489959,1000000.000000
NonSimdMul,1048576,209.623428,1000000.000000
NonSimdMul,1048576,209.851309,1000000.000000
NonSimdMul,1048576,210.143558,1000000.000000
NonSimdMul,1048576,210.282674,1000000.000000
NonSimdMul,1048576,209.664807,1000000.000000
NonSimdMul,1048576,209.658228,1000000.000000
NonSimdMul,1048576,210.145284,1000000.000000
NonSimdMul,1048576,210.060969,1000000.000000
SimdMulSum,2097152,1040.400088,1000000.000000
SimdMulSum,2097152,1055.056552,1000000.000000
SimdMulSum,2097152,1079.480880,1000000.000000
SimdMulSum,2097152,1099.386014,1000000.000000
SimdMulSum,2097152,1102.137006,1000000.000000
SimdMulSum,2097152,1110.019414,1000000.000000
SimdMulSum,2097152,1128.557377,1000000.000000
SimdMulSum,2097152,1109.391059,1000000.000000
SimdMulSum,2097152,1113.746427,1000000.000000
SimdMulSum,2097152,1115.257838,1000000.000000
SimdMulSum,2097152,1102.921908,1000000.000000
SimdMulSum,2097152,1122.594987,1000000.000000
SimdMulSum,2097152,1097.245879,1000000.000000
SimdMulSum,2097152,1128.209634,1000000.000000
SimdMulSum,2097152,1096.828735,1000000.000000
SimdMulSum,2097152,1118.424914,1000000.000000
SimdMulSum,2097152,1106.339819,1000000.000000
SimdMulSum,2097152,1113.834021,1000000.000000
SimdMulSum,2097152,1117.897438,1000000.000000
SimdMulSum,2097152,1107.598775,1000000.000000
SimdMulSum,2097152,1102.080908,1000000.000000
SimdMulSum,2097152,1123.437893,1000000.000000
SimdMulSum,2097152,1100.984356,1000000.000000
SimdMulSum,2097152,1091.917523,1000000.000000
SimdMulSum,2097152,1109.871968,1000000.000000
NonSimdMulSum,2097152,221.416020,1000000.000000
NonSimdMulSum,2097152,221.437619,1000000.000000
NonSimdMulSum,2097152,221.483271,1000000.000000
NonSimdMulSum,2097152,221.304889,1000000.000000
NonSimdMulSum,2097152,193.215948,1000000.000000
NonSimdMulSum,2097152,184.014164,1000000.000000
NonSimdMulSum,2097152,183.190755,1000000.000000
NonSimdMulSum,2097152,198.673613,1000000.000000
NonSimdMulSum,2097152,218.105743,1000000.000000
NonSimdMulSum,2097152,221.297537,1000000.000000
NonSimdMulSum,2097152,221.417141,1000000.000000
NonSimdMulSum,2097152,221.060486,1000000.000000
NonSimdMulSum,2097152,221.454823,1000000.000000
NonSimdMulSum,2097152,221.417282,1000000.000000
NonSimdMulSum,2097152,221.390572,1000000.000000
NonSimdMulSum,2097152,221.502682,1000000.000000
NonSimdMulSum,2097152,221.413592,1000000.000000
NonSimdMulSum,2097152,221.333624,1000000.000000
NonSimdMulSum,2097152,221.232421,1000000.000000
NonSimdMulSum,2097152,220.741326,1000000.000000
NonSimdMulSum,2097152,219.878233,1000000.000000
NonSimdMulSum,2097152,221.065716,1000000.000000
NonSimdMulSum,2097152,220.959706,1000000.000000
NonSimdMulSum,2097152,217.892016,1000000.000000
NonSimdMulSum,2097152,220.656058,1000000.000000
SimdMul,2097152,676.785331,1000000.000000
SimdMul,2097152,662.989617,1000000.000000
SimdMul,2097152,668.476388,1000000.000000
SimdMul,2097152,655.113632,1000000.000000
SimdMul,2097152,624.512611,1000000.000000
SimdMul,2097152,654.338367,1000000.000000
SimdMul,2097152,643.064174,1000000.000000
SimdMul,2097152,653.845134,1000000.000000
SimdMul,2097152,657.689271,1000000.000000
SimdMul,2097152,665.240295,1000000.000000
SimdMul,2097152,679.148020,1000000.000000
SimdMul,2097152,682.379192,1000000.000000
SimdMul,2097152,682.813513,1000000.000000
SimdMul,2097152,686.063541,1000000.000000
SimdMul,2097152,678.671300,1000000.000000
SimdMul,2097152,690.997171,1000000.000000
SimdMul,2097152,681.264473,1000000.000000
SimdMul,2097152,635.967532,1000000.000000
SimdMul,2097152,612.876897,1000000.000000
SimdMul,2097152,674.340764,1000000.000000
SimdMul,2097152,677.857879,1000000.000000
SimdMul,2097152,679.517431,1000000.000000
SimdMul,2097152,673.824690,1000000.000000
SimdMul,2097152,657.099019,1000000.000000
SimdMul,2097152,667.071472,1000000.000000
NonSimdMul,2097152,215.287396,1000000.000000
NonSimdMul,2097152,215.643679,1000000.000000
NonSimdMul,2097152,139.916254,1000000.000000
NonSimdMul,2097152,119.228076,1000000.000000
NonSimdMul,2097152,149.155810,1000000.000000
NonSimdMul,2097152,209.467003,1000000.000000
NonSimdMul,2097152,209.158649,1000000.000000
NonSimdMul,2097152,209.689114,1000000.000000
NonSimdMul,2097152,208.364478,1000000.000000
NonSimdMul,2097152,209.351647,1000000.000000
NonSimdMul,2097152,209.910787,1000000.000000
NonSimdMul,2097152,209.791961,1000000.000000
NonSimdMul,2097152,209.762100,1000000.000000
NonSimdMul,2097152,210.272571,1000000.000000
NonSimdMul,2097152,209.848365,1000000.000000
NonSimdMul,2097152,209.718281,1000000.000000
NonSimdMul,2097152,209.680542,1000000.000000
NonSimdMul,2097152,210.333683,1000000.000000
NonSimdMul,2097152,210.194167,1000000.000000
NonSimdMul,2097152,210.273101,1000000.000000
NonSimdMul,2097152,209.890693,1000000.000000
NonSimdMul,2097152,210.112293,1000000.000000
NonSimdMul,2097152,210.151874,1000000.000000
NonSimdMul,2097152,210.298964,1000000.000000
NonSimdMul,2097152,210.161416,1000000.000000
SimdMulSum,4194304,960.553064,1000000.000000
SimdMulSum,4194304,953.016718,1000000.000000
SimdMulSum,4194304,961.698845,1000000.000000
SimdMulSum,4194304,955.760449,1000000.000000
SimdMulSum,4194304,965.735251,1000000.000000
SimdMulSum,4194304,941.407560,1000000.000000
SimdMulSum,4194304,945.943498,1000000.000000
SimdMulSum,4194304,837.522489,1000000.000000
SimdMulSum,4194304,797.320105,1000000.000000
SimdMulSum,4194304,791.600768,1000000.000000
SimdMulSum,4194304,793.642057,1000000.000000
SimdMulSum,4194304,811.684470,1000000.000000
SimdMulSum,4194304,789.918735,1000000.000000
SimdMulSum,4194304,796.675605,1000000.000000
SimdMulSum,4194304,806.419200,1000000.000000
SimdMulSum,4194304,957.212908,1000000.000000
SimdMulSum,4194304,963.163449,1000000.000000
SimdMulSum,4194304,953.249401,1000000.000000
SimdMulSum,4194304,962.279443,1000000.000000
SimdMulSum,4194304,937.820381,1000000.000000
SimdMulSum,4194304,888.881359,1000000.000000
SimdMulSum,4194304,759.738324,1000000.000000
SimdMulSum,4194304,764.986400,1000000.000000
SimdMulSum,4194304,771.293485,1000000.000000
SimdMulSum,4194304,751.403063,1000000.000000
NonSimdMulSum,4194304,194.739037,1000000.000000
NonSimdMulSum,4194304,219.112344,1000000.000000
NonSimdMulSum,4194304,220.402773,1000000.000000
NonSimdMulSum,4194304,220.856505,1000000.000000
NonSimdMulSum,4194304,220.837461,1000000.000000
NonSimdMulSum,4194304,220.942909,1000000.000000
NonSimdMulSum,4194304,220.719965,1000000.000000
NonSimdMulSum,4194304,220.835528,1000000.000000
NonSimdMulSum,4194304,219.758045,1000000.000000
NonSimdMulSum,4194304,220.575452,1000000.000000
NonSimdMulSum,4194304,220.666340,1000000.000000
NonSimdMulSum,4194304,220.757459,1000000.000000
NonSimdMulSum,4194304,221.004825,1000000.000000
NonSimdMulSum,4194304,220.658090,1000000.000000
NonSimdMulSum,4194304,220.683532,1000000.000000
NonSimdMulSum,4194304,220.941376,1000000.000000
NonSimdMulSum,4194304,220.920989,1000000.000000
NonSimdMulSum,4194304,221.031621,1000000.000000
NonSimdMulSum,4194304,220.951500,1000000.000000
NonSimdMulSum,4194304,220.987121,1000000.000000
NonSimdMulSum,4194304,220.789424,1000000.000000
NonSimdMulSum,4194304,220.827705,1000000.000000
NonSimdMulSum,4194304,220.980409,1000000.000000
NonSimdMulSum,4194304,203.031270,1000000.000000
NonSimdMulSum,4194304,180.587414,1000000.000000
SimdMul,4194304,631.040970,1000000.000000
SimdMul,4194304,645.604197,1000000.000000
SimdMul,4194304,643.369629,1000000.000000
SimdMul,4194304,646.442810,1000000.000000
SimdMul,4194304,641.821880,1000000.000000
SimdMul,4194304,652.523956,1000000.000000
SimdMul,4194304,652.867899,1000000.000000
SimdMul,4194304,643.966630,1000000.000000
SimdMul,4194304,652.573122,1000000.000000
SimdMul,4194304,682.733860,1000000.000000
SimdMul,4194304,684.835941,1000000.000000
SimdMul,4194304,669.921364,1000000.000000
SimdMul,4194304,674.521450,1000000.000000
SimdMul,4194304,643.750774,1000000.000000
SimdMul,4194304,653.935279,1000000.000000
SimdMul,4194304,667.313784,1000000.000000
SimdMul,4194304,662.285346,1000000.000000
SimdMul,4194304,693.561712,1000000.000000
SimdMul,4194304,667.639994,1000000.000000
SimdMul,4194304,661.614400,1000000.000000
SimdMul,4194304,684.053243,1000000.000000
SimdMul,4194304,687.555405,1000000.000000
SimdMul,4194304,681.152110,1000000.000000
SimdMul,4194304,681.540568,1000000.000000
SimdMul,4194304,673.804224,1000000.000000
NonSimdMul,4194304,215.377263,1000000.000000
NonSimdMul,4194304,214.161781,1000000.000000
NonSimdMul,4194304,215.385622,1000000.000000
NonSimdMul,4194304,215.306659,1000000.000000
NonSimdMul,4194304,215.461602,1000000.000000
NonSimdMul,4194304,215.340405,1000000.000000
NonSimdMul,4194304,214.750618,1000000.000000
NonSimdMul,4194304,215.299700,1000000.000000
NonSimdMul,4194304,215.428126,1000000.000000
NonSimdMul,4194304,215.321328,1000000.000000
NonSimdMul,4194304,215.439555,1000000.000000
NonSimdMul,4194304,215.318049,1000000.000000
NonSimdMul,4194304,215.408142,1000000.000000
NonSimdMul,4194304,215.364898,1000000.000000
NonSimdMul,4194304,215.395733,1000000.000000
NonSimdMul,4194304,215.130540,1000000.000000
NonSimdMul,4194304,215.262658,1000000.000000
NonSimdMul,4194304,198.365311,1000000.000000
NonSimdMul,4194304,175.904425,1000000.000000
NonSimdMul,4194304,203.709794,1000000.000000
NonSimdMul,4194304,214.792508,1000000.000000
NonSimdMul,4194304,215.331165,1000000.000000
NonSimdMul,4194304,215.064683,1000000.000000
NonSimdMul,4194304,215.174455,1000000.000000
NonSimdMul,4194304,215.037342,1000000.000000
SimdMulSum,8388608,1069.299035,1000000.000000
SimdMulSum,8388608,1073.143629,1000000.000000
SimdMulSum,8388608,1066.905437,1000000.000000
SimdMulSum,8388608,1070.427160,1000000.000000
SimdMulSum,8388608,1065.891671,1000000.000000
SimdMulSum,8388608,1076.395406,1000000.000000
SimdMulSum,8388608,1078.571192,1000000.000000
SimdMulSum,8388608,1076.279198,1000000.000000
SimdMulSum,8388608,1074.811881,1000000.000000
SimdMulSum,8388608,1070.767494,1000000.000000
SimdMulSum,8388608,1056.516550,1000000.000000
SimdMulSum,8388608,1062.656879,1000000.000000
SimdMulSum,8388608,1077.188114,1000000.000000
SimdMulSum,8388608,1079.214051,1000000.000000
SimdMulSum,8388608,1079.320418,1000000.000000
SimdMulSum,8388608,1068.287496,1000000.000000
SimdMulSum,8388608,1070.536700,1000000.000000
SimdMulSum,8388608,1066.354662,1000000.000000
SimdMulSum,8388608,1074.219925,1000000.000000
SimdMulSum,8388608,1040.922326,1000000.000000
SimdMulSum,8388608,1069.505548,1000000.000000
SimdMulSum,8388608,1047.508191,1000000.000000
SimdMulSum,8388608,1043.915724,1000000.000000
SimdMulSum,8388608,1056.852993,1000000.000000
SimdMulSum,8388608,1072.604917,1000000.000000
NonSimdMulSum,8388608,218.406423,1000000.000000
NonSimdMulSum,8388608,190.472682,1000000.000000
NonSimdMulSum,8388608,221.324364,1000000.000000
NonSimdMulSum,8388608,164.702059,1000000.000000
NonSimdMulSum,8388608,204.125558,1000000.000000
NonSimdMulSum,8388608,217.666882,1000000.000000
NonSimdMulSum,8388608,218.559476,1000000.000000
NonSimdMulSum,8388608,218.730563,1000000.000000
NonSimdMulSum,8388608,218.754524,1000000.000000
NonSimdMulSum,8388608,218.223028,1000000.000000
NonSimdMulSum,8388608,221.371370,1000000.000000
NonSimdMulSum,8388608,221.387851,1000000.000000
NonSimdMulSum,8388608,220.571398,1000000.000000
NonSimdMulSum,8388608,221.336571,1000000.000000
NonSimdMulSum,8388608,221.185843,1000000.000000
NonSimdMulSum,8388608,221.268714,1000000.000000
NonSimdMulSum,8388608,221.394068,1000000.000000
NonSimdMulSum,8388608,221.394449,1000000.000000
NonSimdMulSum,8388608,221.377681,1000000.000000
NonSimdMulSum,8388608,221.120323,1000000.000000
NonSimdMulSum,8388608,221.268467,1000000.000000
NonSimdMulSum,8388608,221.417035,1000000.000000
NonSimdMulSum,8388608,221.270616,1000000.000000
NonSimdMulSum,8388608,221.381169,1000000.000000
NonSimdMulSum,8388608,221.360805,1000000.000000
SimdMul,8388608,682.942943,1000000.000000
SimdMul,8388608,676.339420,1000000.000000
SimdMul,8388608,687.846918,1000000.000000
SimdMul,8388608,689.465888,1000000.000000
SimdMul,8388608,719.577254,1000000.000000
SimdMul,8388608,645.967125,1000000.000000
SimdMul,8388608,649.254338,1000000.000000
SimdMul,8388608,649.180006,1000000.000000
SimdMul,8388608,661.542993,1000000.000000
SimdMul,8388608,643.115415,1000000.000000
SimdMul,8388608,646.788637,1000000.000000
SimdMul,8388608,665.709225,1000000.000000
SimdMul,8388608,706.992965,1000000.000000
SimdMul,8388608,709.058142,1000000.000000
SimdMul,8388608,746.736448,1000000.000000
SimdMul,8388608,715.500381,1000000.000000
SimdMul,8388608,731.731688,1000000.000000
SimdMul,8388608,728.014678,1000000.000000
SimdMul,8388608,714.278235,1000000.000000
SimdMul,8388608,714.310240,1000000.000000
SimdMul,8388608,726.633301,1000000.000000
SimdMul,8388608,718.992144,1000000.000000
SimdMul,8388608,724.703912,1000000.000000
SimdMul,8388608,699.955476,1000000.000000
SimdMul,8388608,727.567809,1000000.000000
NonSimdMul,8388608,215.067941,1000000.000000
NonSimdMul,8388608,214.693817,1000000.000000
NonSimdMul,8388608,215.228417,1000000.000000
NonSimdMul,8388608,213.623054,1000000.000000
NonSimdMul,8388608,214.060865,1000000.000000
NonSimdMul,8388608,215.395802,1000000.000000
NonSimdMul,8388608,214.482018,1000000.000000
NonSimdMul,8388608,215.451792,1000000.000000
NonSimdMul,8388608,215.261398,1000000.000000
NonSimdMul,8388608,215.547632,1000000.000000
NonSimdMul,8388608,150.201493,1000000.000000
NonSimdMul,8388608,209.768590,1000000.000000
NonSimdMul,8388608,209.816545,1000000.000000
NonSimdMul,8388608,209.844904,1000000.000000
NonSimdMul,8388608,209.336919,1000000.000000
NonSimdMul,8388608,209.789618,1000000.000000
NonSimdMul,8388608,212.629333,1000000.000000
NonSimdMul,8388608,215.569474,1000000.000000
NonSimdMul,8388608,214.589575,1000000.000000
NonSimdMul,8388608,215.477449,1000000.000000
NonSimdMul,8388608,215.065006,1000000.000000
NonSimdMul,8388608,215.617785,1000000.000000
NonSimdMul,8388608,215.688416,1000000.000000
NonSimdMul,8388608,215.442565,1000000.000000
NonSimdMul,8388608,215.194790,1000000.000000
SimdMulSum,16777216,1016.887300,1000000.000000
SimdMulSum,16777216,1029.090384,1000000.000000
SimdMulSum,16777216,1025.587104,1000000.000000
SimdMulSum,16777216,1032.514578,1000000.000000
SimdMulSum,16777216,1010.444668,1000000.000000
SimdMulSum,16777216,1025.623510,1000000.000000
SimdMulSum,16777216,1032.397563,1000000.000000
SimdMulSum,16777216,1010.902710,1000000.000000
SimdMulSum,16777216,1025.795125,1000000.000000
SimdMulSum,16777216,1023.554704,1000000.000000
SimdMulSum,16777216,1033.132724,1000000.000000
SimdMulSum,16777216,1005.194993,1000000.000000
SimdMulSum,16777216,1035.144725,1000000.000000
SimdMulSum,16777216,1035.195317,1000000.000000
SimdMulSum,16777216,1033.235919,1000000.000000
SimdMulSum,16777216,1034.036849,1000000.000000
SimdMulSum,16777216,1025.992683,1000000.000000
SimdMulSum,16777216,1032.298203,1000000.000000
SimdMulSum,16777216,1028.940614,1000000.000000
SimdMulSum,16777216,1038.097192,1000000.000000
SimdMulSum,16777216,1037.426400,1000000.000000
SimdMulSum,16777216,971.860136,1000000.000000
SimdMulSum,16777216,856.265897,1000000.000000
SimdMulSum,16777216,882.552689,1000000.000000
SimdMulSum,16777216,1028.606053,1000000.000000
NonSimdMulSum,16777216,220.821506,1000000.000000
NonSimdMulSum,16777216,220.909723,1000000.000000
NonSimdMulSum,16777216,220.576056,1000000.000000
NonSimdMulSum,16777216,220.563229,1000000.000000
NonSimdMulSum,16777216,221.110113,1000000.000000
NonSimdMulSum,16777216,221.100785,1000000.000000
NonSimdMulSum,16777216,203.969757,1000000.000000
NonSimdMulSum,16777216,220.745857,1000000.000000
NonSimdMulSum,16777216,220.859474,1000000.000000
NonSimdMulSum,16777216,220.217910,1000000.000000
NonSimdMulSum,16777216,219.349846,1000000.000000
NonSimdMulSum,16777216,191.025319,1000000.000000
NonSimdMulSum,16777216,196.784923,1000000.000000
NonSimdMulSum,16777216,218.576436,1000000.000000
NonSimdMulSum,16777216,218.646420,1000000.000000
NonSimdMulSum,16777216,217.995256,1000000.000000
NonSimdMulSum,16777216,218.742557,1000000.000000
NonSimdMulSum,16777216,218.609099,1000000.000000
NonSimdMulSum,16777216,218.380170,1000000.000000
NonSimdMulSum,16777216,218.626535,1000000.000000
NonSimdMulSum,16777216,218.423068,1000000.000000
NonSimdMulSum,16777216,218.716811,1000000.000000
NonSimdMulSum,16777216,217.847154,1000000.000000
NonSimdMulSum,16777216,220.941021,1000000.000000
NonSimdMulSum,16777216,195.589414,1000000.000000
SimdMul,16777216,459.387525,1000000.000000
SimdMul,16777216,470.594460,1000000.000000
SimdMul,16777216,485.090901,1000000.000000
SimdMul,16777216,613.533092,1000000.000000
SimdMul,16777216,651.394862,1000000.000000
SimdMul,16777216,656.750234,1000000.000000
SimdMul,16777216,660.210093,1000000.000000
SimdMul,16777216,660.869355,1000000.000000
SimdMul,16777216,658.161871,1000000.000000
SimdMul,16777216,677.533204,1000000.000000
SimdMul,16777216,694.926200,1000000.000000
SimdMul,16777216,691.467031,1000000.000000
SimdMul,16777216,666.857131,1000000.000000
SimdMul,16777216,664.184412,1000000.000000
SimdMul,16777216,661.025320,1000000.000000
SimdMul,16777216,636.884626,1000000.000000
SimdMul,16777216,610.480589,1000000.000000
SimdMul,16777216,610.610487,1000000.000000
SimdMul,16777216,606.114961,1000000.000000
SimdMul,16777216,417.451098,1000000.000000
SimdMul,16777216,476.892389,1000000.000000
SimdMul,16777216,482.313271,1000000.000000
SimdMul,16777216,486.873760,1000000.000000
SimdMul,16777216,473.439169,1000000.000000
SimdMul,16777216,468.716372,1000000.000000
NonSimdMul,16777216,208.337206,1000000.000000
NonSimdMul,16777216,220.808370,1000000.000000
NonSimdMul,16777216,221.902299,1000000.000000
NonSimdMul,16777216,223.382206,1000000.000000
NonSimdMul,16777216,223.663544,1000000.000000
NonSimdMul,16777216,220.241472,1000000.000000
NonSimdMul,16777216,223.423245,1000000.000000
NonSimdMul,16777216,219.442203,1000000.000000
NonSimdMul,16777216,215.272859,1000000.000000
NonSimdMul,16777216,215.013696,1000000.000000
NonSimdMul,16777216,215.107527,1000000.000000
NonSimdMul,16777216,215.284486,1000000.000000
NonSimdMul,16777216,214.802708,1000000.000000
NonSimdMul,16777216,214.857503,1000000.000000
NonSimdMul,16777216,215.339579,1000000.000000
NonSimdMul,16777216,215.061223,1000000.000000
NonSimdMul,16777216,215.079095,1000000.000000
NonSimdMul,16777216,215.137891,1000000.000000
NonSimdMul,16777216,214.956461,1000000.000000
NonSimdMul,16777216,214.809347,1000000.000000
NonSimdMul,16777216,215.270989,1000000.000000
NonSimdMul,16777216,215.279309,1000000.000000
NonSimdMul,16777216,215.234002,1000000.000000
NonSimdMul,16777216,215.038543,1000000.000000
NonSimdMul,16777216,215.086286,1000000.000000
